[{"model": "admin.logentry", "pk": 1, "fields": {"action_time": "2023-04-06T13:25:54.460Z", "user": 4, "content_type": 13, "object_id": "1", "object_repr": "/about/ -- Плоская страница", "action_flag": 1, "change_message": "[{\"added\": {}}]"}}, {"model": "admin.logentry", "pk": 2, "fields": {"action_time": "2023-04-06T14:03:22.602Z", "user": 4, "content_type": 13, "object_id": "1", "object_repr": "/about/ -- Плоская страница", "action_flag": 2, "change_message": "[{\"changed\": {\"fields\": [\"Template name\"]}}]"}}, {"model": "admin.logentry", "pk": 3, "fields": {"action_time": "2023-04-07T11:20:37.912Z", "user": 4, "content_type": 13, "object_id": "2", "object_repr": "/tmp/ -- может заработает", "action_flag": 1, "change_message": "[{\"added\": {}}]"}}, {"model": "admin.logentry", "pk": 4, "fields": {"action_time": "2023-04-07T11:23:00.668Z", "user": 4, "content_type": 13, "object_id": "2", "object_repr": "/tmp/ -- может заработает", "action_flag": 2, "change_message": "[{\"changed\": {\"fields\": [\"Template name\"]}}]"}}, {"model": "admin.logentry", "pk": 5, "fields": {"action_time": "2023-04-07T11:24:09.706Z", "user": 4, "content_type": 13, "object_id": "2", "object_repr": "/tmp/ -- может заработает", "action_flag": 2, "change_message": "[{\"changed\": {\"fields\": [\"Template name\"]}}]"}}, {"model": "admin.logentry", "pk": 6, "fields": {"action_time": "2023-05-19T12:09:19.591Z", "user": 4, "content_type": 4, "object_id": "1", "object_repr": "Andy", "action_flag": 2, "change_message": "[{\"changed\": {\"fields\": [\"Email address\"]}}]"}}, {"model": "admin.logentry", "pk": 7, "fields": {"action_time": "2023-05-19T12:09:33.818Z", "user": 4, "content_type": 4, "object_id": "2", "object_repr": "Bob", "action_flag": 2, "change_message": "[{\"changed\": {\"fields\": [\"Email address\"]}}]"}}, {"model": "admin.logentry", "pk": 8, "fields": {"action_time": "2023-05-19T12:09:45.533Z", "user": 4, "content_type": 4, "object_id": "3", "object_repr": "Curt", "action_flag": 2, "change_message": "[{\"changed\": {\"fields\": [\"Email address\"]}}]"}}, {"model": "admin.logentry", "pk": 9, "fields": {"action_time": "2023-05-19T12:09:58.435Z", "user": 4, "content_type": 4, "object_id": "4", "object_repr": "admin", "action_flag": 2, "change_message": "[{\"changed\": {\"fields\": [\"Email address\"]}}]"}}, {"model": "admin.logentry", "pk": 10, "fields": {"action_time": "2023-05-19T12:28:04.490Z", "user": 4, "content_type": 4, "object_id": "1", "object_repr": "Andy", "action_flag": 2, "change_message": "[{\"changed\": {\"fields\": [\"password\"]}}]"}}, {"model": "admin.logentry", "pk": 11, "fields": {"action_time": "2023-05-19T12:28:44.207Z", "user": 4, "content_type": 4, "object_id": "2", "object_repr": "Bob", "action_flag": 2, "change_message": "[{\"changed\": {\"fields\": [\"password\"]}}]"}}, {"model": "admin.logentry", "pk": 12, "fields": {"action_time": "2023-05-19T12:29:16.627Z", "user": 4, "content_type": 4, "object_id": "3", "object_repr": "Curt", "action_flag": 2, "change_message": "[{\"changed\": {\"fields\": [\"password\"]}}]"}}, {"model": "admin.logentry", "pk": 13, "fields": {"action_time": "2023-05-20T09:50:49.911Z", "user": 4, "content_type": 4, "object_id": "5", "object_repr": "Tmp", "action_flag": 1, "change_message": "[{\"added\": {}}]"}}, {"model": "admin.logentry", "pk": 14, "fields": {"action_time": "2023-05-20T09:51:04.262Z", "user": 4, "content_type": 4, "object_id": "5", "object_repr": "Tmp", "action_flag": 2, "change_message": "[{\"changed\": {\"fields\": [\"Email address\"]}}]"}}, {"model": "admin.logentry", "pk": 15, "fields": {"action_time": "2023-05-23T09:23:52.241Z", "user": 4, "content_type": 12, "object_id": "1", "object_repr": "127.0.0.1", "action_flag": 2, "change_message": "[{\"changed\": {\"fields\": [\"Domain name\"]}}]"}}, {"model": "admin.logentry", "pk": 16, "fields": {"action_time": "2023-05-24T08:45:31.280Z", "user": 4, "content_type": 17, "object_id": "1", "object_repr": "Google", "action_flag": 1, "change_message": "[{\"added\": {}}]"}}, {"model": "admin.logentry", "pk": 17, "fields": {"action_time": "2023-05-24T17:24:50.580Z", "user": 4, "content_type": 3, "object_id": "1", "object_repr": "common", "action_flag": 1, "change_message": "[{\"added\": {}}]"}}, {"model": "admin.logentry", "pk": 18, "fields": {"action_time": "2023-05-24T17:25:03.380Z", "user": 4, "content_type": 3, "object_id": "2", "object_repr": "authors", "action_flag": 1, "change_message": "[{\"added\": {}}]"}}, {"model": "admin.logentry", "pk": 19, "fields": {"action_time": "2023-05-25T09:26:01.819Z", "user": 4, "content_type": 4, "object_id": "1", "object_repr": "Andy", "action_flag": 2, "change_message": "[{\"changed\": {\"fields\": [\"Groups\"]}}]"}}, {"model": "admin.logentry", "pk": 20, "fields": {"action_time": "2023-05-25T18:21:06.316Z", "user": 4, "content_type": 3, "object_id": "2", "object_repr": "authors", "action_flag": 2, "change_message": "[{\"changed\": {\"fields\": [\"Permissions\"]}}]"}}, {"model": "admin.logentry", "pk": 21, "fields": {"action_time": "2023-06-23T19:23:40.296Z", "user": 4, "content_type": 12, "object_id": "1", "object_repr": "127.0.0.1", "action_flag": 2, "change_message": "[{\"changed\": {\"fields\": [\"Display name\"]}}]"}}, {"model": "auth.permission", "pk": 1, "fields": {"name": "Can add log entry", "content_type": 1, "codename": "add_logentry"}}, {"model": "auth.permission", "pk": 2, "fields": {"name": "Can change log entry", "content_type": 1, "codename": "change_logentry"}}, {"model": "auth.permission", "pk": 3, "fields": {"name": "Can delete log entry", "content_type": 1, "codename": "delete_logentry"}}, {"model": "auth.permission", "pk": 4, "fields": {"name": "Can view log entry", "content_type": 1, "codename": "view_logentry"}}, {"model": "auth.permission", "pk": 5, "fields": {"name": "Can add permission", "content_type": 2, "codename": "add_permission"}}, {"model": "auth.permission", "pk": 6, "fields": {"name": "Can change permission", "content_type": 2, "codename": "change_permission"}}, {"model": "auth.permission", "pk": 7, "fields": {"name": "Can delete permission", "content_type": 2, "codename": "delete_permission"}}, {"model": "auth.permission", "pk": 8, "fields": {"name": "Can view permission", "content_type": 2, "codename": "view_permission"}}, {"model": "auth.permission", "pk": 9, "fields": {"name": "Can add group", "content_type": 3, "codename": "add_group"}}, {"model": "auth.permission", "pk": 10, "fields": {"name": "Can change group", "content_type": 3, "codename": "change_group"}}, {"model": "auth.permission", "pk": 11, "fields": {"name": "Can delete group", "content_type": 3, "codename": "delete_group"}}, {"model": "auth.permission", "pk": 12, "fields": {"name": "Can view group", "content_type": 3, "codename": "view_group"}}, {"model": "auth.permission", "pk": 13, "fields": {"name": "Can add user", "content_type": 4, "codename": "add_user"}}, {"model": "auth.permission", "pk": 14, "fields": {"name": "Can change user", "content_type": 4, "codename": "change_user"}}, {"model": "auth.permission", "pk": 15, "fields": {"name": "Can delete user", "content_type": 4, "codename": "delete_user"}}, {"model": "auth.permission", "pk": 16, "fields": {"name": "Can view user", "content_type": 4, "codename": "view_user"}}, {"model": "auth.permission", "pk": 17, "fields": {"name": "Can add content type", "content_type": 5, "codename": "add_contenttype"}}, {"model": "auth.permission", "pk": 18, "fields": {"name": "Can change content type", "content_type": 5, "codename": "change_contenttype"}}, {"model": "auth.permission", "pk": 19, "fields": {"name": "Can delete content type", "content_type": 5, "codename": "delete_contenttype"}}, {"model": "auth.permission", "pk": 20, "fields": {"name": "Can view content type", "content_type": 5, "codename": "view_contenttype"}}, {"model": "auth.permission", "pk": 21, "fields": {"name": "Can add session", "content_type": 6, "codename": "add_session"}}, {"model": "auth.permission", "pk": 22, "fields": {"name": "Can change session", "content_type": 6, "codename": "change_session"}}, {"model": "auth.permission", "pk": 23, "fields": {"name": "Can delete session", "content_type": 6, "codename": "delete_session"}}, {"model": "auth.permission", "pk": 24, "fields": {"name": "Can view session", "content_type": 6, "codename": "view_session"}}, {"model": "auth.permission", "pk": 25, "fields": {"name": "Can add comment", "content_type": 7, "codename": "add_comment"}}, {"model": "auth.permission", "pk": 26, "fields": {"name": "Can change comment", "content_type": 7, "codename": "change_comment"}}, {"model": "auth.permission", "pk": 27, "fields": {"name": "Can delete comment", "content_type": 7, "codename": "delete_comment"}}, {"model": "auth.permission", "pk": 28, "fields": {"name": "Can view comment", "content_type": 7, "codename": "view_comment"}}, {"model": "auth.permission", "pk": 29, "fields": {"name": "Can add author", "content_type": 8, "codename": "add_author"}}, {"model": "auth.permission", "pk": 30, "fields": {"name": "Can change author", "content_type": 8, "codename": "change_author"}}, {"model": "auth.permission", "pk": 31, "fields": {"name": "Can delete author", "content_type": 8, "codename": "delete_author"}}, {"model": "auth.permission", "pk": 32, "fields": {"name": "Can view author", "content_type": 8, "codename": "view_author"}}, {"model": "auth.permission", "pk": 33, "fields": {"name": "Can add post", "content_type": 9, "codename": "add_post"}}, {"model": "auth.permission", "pk": 34, "fields": {"name": "Can change post", "content_type": 9, "codename": "change_post"}}, {"model": "auth.permission", "pk": 35, "fields": {"name": "Can delete post", "content_type": 9, "codename": "delete_post"}}, {"model": "auth.permission", "pk": 36, "fields": {"name": "Can view post", "content_type": 9, "codename": "view_post"}}, {"model": "auth.permission", "pk": 37, "fields": {"name": "Can add post category", "content_type": 10, "codename": "add_postcategory"}}, {"model": "auth.permission", "pk": 38, "fields": {"name": "Can change post category", "content_type": 10, "codename": "change_postcategory"}}, {"model": "auth.permission", "pk": 39, "fields": {"name": "Can delete post category", "content_type": 10, "codename": "delete_postcategory"}}, {"model": "auth.permission", "pk": 40, "fields": {"name": "Can view post category", "content_type": 10, "codename": "view_postcategory"}}, {"model": "auth.permission", "pk": 41, "fields": {"name": "Can add category", "content_type": 11, "codename": "add_category"}}, {"model": "auth.permission", "pk": 42, "fields": {"name": "Can change category", "content_type": 11, "codename": "change_category"}}, {"model": "auth.permission", "pk": 43, "fields": {"name": "Can delete category", "content_type": 11, "codename": "delete_category"}}, {"model": "auth.permission", "pk": 44, "fields": {"name": "Can view category", "content_type": 11, "codename": "view_category"}}, {"model": "auth.permission", "pk": 45, "fields": {"name": "Can add site", "content_type": 12, "codename": "add_site"}}, {"model": "auth.permission", "pk": 46, "fields": {"name": "Can change site", "content_type": 12, "codename": "change_site"}}, {"model": "auth.permission", "pk": 47, "fields": {"name": "Can delete site", "content_type": 12, "codename": "delete_site"}}, {"model": "auth.permission", "pk": 48, "fields": {"name": "Can view site", "content_type": 12, "codename": "view_site"}}, {"model": "auth.permission", "pk": 49, "fields": {"name": "Can add flat page", "content_type": 13, "codename": "add_flatpage"}}, {"model": "auth.permission", "pk": 50, "fields": {"name": "Can change flat page", "content_type": 13, "codename": "change_flatpage"}}, {"model": "auth.permission", "pk": 51, "fields": {"name": "Can delete flat page", "content_type": 13, "codename": "delete_flatpage"}}, {"model": "auth.permission", "pk": 52, "fields": {"name": "Can view flat page", "content_type": 13, "codename": "view_flatpage"}}, {"model": "auth.permission", "pk": 53, "fields": {"name": "Can add email address", "content_type": 14, "codename": "add_emailaddress"}}, {"model": "auth.permission", "pk": 54, "fields": {"name": "Can change email address", "content_type": 14, "codename": "change_emailaddress"}}, {"model": "auth.permission", "pk": 55, "fields": {"name": "Can delete email address", "content_type": 14, "codename": "delete_emailaddress"}}, {"model": "auth.permission", "pk": 56, "fields": {"name": "Can view email address", "content_type": 14, "codename": "view_emailaddress"}}, {"model": "auth.permission", "pk": 57, "fields": {"name": "Can add email confirmation", "content_type": 15, "codename": "add_emailconfirmation"}}, {"model": "auth.permission", "pk": 58, "fields": {"name": "Can change email confirmation", "content_type": 15, "codename": "change_emailconfirmation"}}, {"model": "auth.permission", "pk": 59, "fields": {"name": "Can delete email confirmation", "content_type": 15, "codename": "delete_emailconfirmation"}}, {"model": "auth.permission", "pk": 60, "fields": {"name": "Can view email confirmation", "content_type": 15, "codename": "view_emailconfirmation"}}, {"model": "auth.permission", "pk": 61, "fields": {"name": "Can add social account", "content_type": 16, "codename": "add_socialaccount"}}, {"model": "auth.permission", "pk": 62, "fields": {"name": "Can change social account", "content_type": 16, "codename": "change_socialaccount"}}, {"model": "auth.permission", "pk": 63, "fields": {"name": "Can delete social account", "content_type": 16, "codename": "delete_socialaccount"}}, {"model": "auth.permission", "pk": 64, "fields": {"name": "Can view social account", "content_type": 16, "codename": "view_socialaccount"}}, {"model": "auth.permission", "pk": 65, "fields": {"name": "Can add social application", "content_type": 17, "codename": "add_socialapp"}}, {"model": "auth.permission", "pk": 66, "fields": {"name": "Can change social application", "content_type": 17, "codename": "change_socialapp"}}, {"model": "auth.permission", "pk": 67, "fields": {"name": "Can delete social application", "content_type": 17, "codename": "delete_socialapp"}}, {"model": "auth.permission", "pk": 68, "fields": {"name": "Can view social application", "content_type": 17, "codename": "view_socialapp"}}, {"model": "auth.permission", "pk": 69, "fields": {"name": "Can add social application token", "content_type": 18, "codename": "add_socialtoken"}}, {"model": "auth.permission", "pk": 70, "fields": {"name": "Can change social application token", "content_type": 18, "codename": "change_socialtoken"}}, {"model": "auth.permission", "pk": 71, "fields": {"name": "Can delete social application token", "content_type": 18, "codename": "delete_socialtoken"}}, {"model": "auth.permission", "pk": 72, "fields": {"name": "Can view social application token", "content_type": 18, "codename": "view_socialtoken"}}, {"model": "auth.permission", "pk": 73, "fields": {"name": "Can add django job", "content_type": 19, "codename": "add_djangojob"}}, {"model": "auth.permission", "pk": 74, "fields": {"name": "Can change django job", "content_type": 19, "codename": "change_djangojob"}}, {"model": "auth.permission", "pk": 75, "fields": {"name": "Can delete django job", "content_type": 19, "codename": "delete_djangojob"}}, {"model": "auth.permission", "pk": 76, "fields": {"name": "Can view django job", "content_type": 19, "codename": "view_djangojob"}}, {"model": "auth.permission", "pk": 77, "fields": {"name": "Can add django job execution", "content_type": 20, "codename": "add_djangojobexecution"}}, {"model": "auth.permission", "pk": 78, "fields": {"name": "Can change django job execution", "content_type": 20, "codename": "change_djangojobexecution"}}, {"model": "auth.permission", "pk": 79, "fields": {"name": "Can delete django job execution", "content_type": 20, "codename": "delete_djangojobexecution"}}, {"model": "auth.permission", "pk": 80, "fields": {"name": "Can view django job execution", "content_type": 20, "codename": "view_djangojobexecution"}}, {"model": "auth.group", "pk": 1, "fields": {"name": "common", "permissions": []}}, {"model": "auth.group", "pk": 2, "fields": {"name": "authors", "permissions": [33, 34]}}, {"model": "auth.user", "pk": 1, "fields": {"password": "pbkdf2_sha256$390000$VZD9hSn9WswlhqWceWNNYV$kOPMwht/yxS51F8XTuNyJ+RBPcor1gLiQWE2JWWPKUI=", "last_login": "2023-05-19T12:29:51Z", "is_superuser": false, "username": "Andy", "first_name": "", "last_name": "", "email": "Andy@mail.ru", "is_staff": false, "is_active": true, "date_joined": "2023-03-30T16:51:34Z", "groups": [2], "user_permissions": []}}, {"model": "auth.user", "pk": 2, "fields": {"password": "pbkdf2_sha256$390000$UnTHV55PRO0IlkgdV93HdU$I6VM1cMmwUaFpxJiViFjAL5CcRRu3qiWStckoQoYgbM=", "last_login": null, "is_superuser": false, "username": "Bob", "first_name": "", "last_name": "", "email": "Bob@mail.ru", "is_staff": false, "is_active": true, "date_joined": "2023-03-30T16:53:38Z", "groups": [], "user_permissions": []}}, {"model": "auth.user", "pk": 3, "fields": {"password": "pbkdf2_sha256$390000$5A8VFA203eJAZN3SNokSv8$f0hL1Jg4kAaJKaB4yPaYuoIpkpXdhuq6JaoBDvHulAA=", "last_login": null, "is_superuser": false, "username": "Curt", "first_name": "", "last_name": "", "email": "Curt@mail.ru", "is_staff": false, "is_active": true, "date_joined": "2023-03-30T16:56:46Z", "groups": [], "user_permissions": []}}, {"model": "auth.user", "pk": 4, "fields": {"password": "pbkdf2_sha256$390000$UkcbiqQMHsRwDiZ6NuWP4W$syTFjm9ZpB6KRugXDVi9bbgo++F7r1kQ0RBNPGF7I1k=", "last_login": "2023-06-23T19:23:14.290Z", "is_superuser": true, "username": "admin", "first_name": "", "last_name": "", "email": "bn@list.ru", "is_staff": true, "is_active": true, "date_joined": "2023-04-06T11:18:07Z", "groups": [2], "user_permissions": []}}, {"model": "auth.user", "pk": 5, "fields": {"password": "pbkdf2_sha256$390000$zOEZhtDshYxsta3GtVr4Cl$+8Nlkre/8N/Kj0N9IEO3e94EXDybm8I1LEUMbnIWyck=", "last_login": "2023-05-25T09:20:13.349Z", "is_superuser": false, "username": "Tmp", "first_name": "", "last_name": "", "email": "tmp@mail.ru", "is_staff": false, "is_active": true, "date_joined": "2023-05-20T09:50:49Z", "groups": [], "user_permissions": []}}, {"model": "auth.user", "pk": 6, "fields": {"password": "pbkdf2_sha256$390000$Dba4v10HFOn2JFh3Rc2SK2$vwh1A6A1bRHvtcu4fiAYe7PzGaDdP9C6AHSwUx9rtyI=", "last_login": "2023-05-23T08:37:05.660Z", "is_superuser": false, "username": "qqq", "first_name": "A", "last_name": "B", "email": "qqq@mail.ru", "is_staff": false, "is_active": true, "date_joined": "2023-05-23T08:36:52.851Z", "groups": [], "user_permissions": []}}, {"model": "auth.user", "pk": 7, "fields": {"password": "!RnRRzcfNdihI60MUXmEiA35ryZ5AH8qeDe2QPnUf", "last_login": "2023-06-24T11:17:20.237Z", "is_superuser": false, "username": "ankom225", "first_name": "Андрей", "last_name": "Комлев", "email": "ankom225@gmail.com", "is_staff": false, "is_active": true, "date_joined": "2023-05-24T08:46:55.432Z", "groups": [2], "user_permissions": []}}, {"model": "auth.user", "pk": 8, "fields": {"password": "pbkdf2_sha256$390000$72jStA4hG9S909BMNeH6lQ$YRZ37GAITAUEVT3/CqQBgxWl7KoOw8HftLjpDooOGqg=", "last_login": "2023-05-24T17:38:13.973Z", "is_superuser": false, "username": "qwqq", "first_name": "", "last_name": "", "email": "qwqq@mail.ru", "is_staff": false, "is_active": true, "date_joined": "2023-05-24T17:38:13.403Z", "groups": [], "user_permissions": []}}, {"model": "auth.user", "pk": 9, "fields": {"password": "pbkdf2_sha256$390000$QQ11YS2qBJ9Mj94jML0xWk$Sr8oo1wXKlQ1wgODFetlj0Odoymg9GYtk0+7nEOrHcM=", "last_login": "2023-05-25T09:22:44.086Z", "is_superuser": false, "username": "abc", "first_name": "", "last_name": "", "email": "abc@mail.ru", "is_staff": false, "is_active": true, "date_joined": "2023-05-25T09:22:27.462Z", "groups": [], "user_permissions": []}}, {"model": "auth.user", "pk": 10, "fields": {"password": "pbkdf2_sha256$390000$pC8AuVMoZmXKvO5g89ZqHK$F9xZhUxIyLjo9JdMz3kcgPNjTM3VF7tO1FFpStRhOOE=", "last_login": "2023-05-25T18:21:33.497Z", "is_superuser": false, "username": "test", "first_name": "", "last_name": "", "email": "test@mail.ru", "is_staff": false, "is_active": true, "date_joined": "2023-05-25T09:33:51.236Z", "groups": [1, 2], "user_permissions": []}}, {"model": "auth.user", "pk": 11, "fields": {"password": "pbkdf2_sha256$390000$kZL8XGS6mbUs6rcZaJCjC4$6GzOAu5GfStl6aUsQIawIF12Do/HIe2qHYvk9qQJqDA=", "last_login": "2023-05-25T09:52:41.641Z", "is_superuser": false, "username": "zxz", "first_name": "", "last_name": "", "email": "zxz@mail.ru", "is_staff": false, "is_active": true, "date_joined": "2023-05-25T09:52:40.687Z", "groups": [1, 2], "user_permissions": []}}, {"model": "auth.user", "pk": 12, "fields": {"password": "pbkdf2_sha256$390000$qKWJkZIZdbT0LOSN6EZaJS$mzfIT7gZvQJOR4ar03Zl/4FGHIM6hyzH3GawgC+B8lw=", "last_login": "2023-05-25T19:51:34.042Z", "is_superuser": false, "username": "bnm", "first_name": "", "last_name": "", "email": "bnm@mail.ru", "is_staff": false, "is_active": true, "date_joined": "2023-05-25T19:51:33.325Z", "groups": [1, 2], "user_permissions": []}}, {"model": "auth.user", "pk": 13, "fields": {"password": "pbkdf2_sha256$390000$YsP0YynDu0WXmOdFvDnjtW$xNA+jegMJMsNb3wRjmec6FPULogB8qJmb03qkQQfQPo=", "last_login": "2023-05-25T19:57:07.267Z", "is_superuser": false, "username": "cvb", "first_name": "", "last_name": "", "email": "cvb@mail.ru", "is_staff": false, "is_active": true, "date_joined": "2023-05-25T19:57:06.519Z", "groups": [1, 2], "user_permissions": []}}, {"model": "auth.user", "pk": 14, "fields": {"password": "pbkdf2_sha256$390000$ZKBrEfJ8kZZL5flBXvqKW3$NTeJWhTQBdUj32Zoro6k7M2U4B8jNMnijkRK5MNQnaU=", "last_login": "2023-05-25T19:58:43.187Z", "is_superuser": false, "username": "wer", "first_name": "", "last_name": "", "email": "wer@mail.ru", "is_staff": false, "is_active": true, "date_joined": "2023-05-25T19:58:42.344Z", "groups": [1, 2], "user_permissions": []}}, {"model": "auth.user", "pk": 15, "fields": {"password": "pbkdf2_sha256$390000$uWUpmEfxmjvkmK8qtnugtW$osaXpoDjBpodbIB3BsZdOYFnlQM6XljFwjfaLmQ6ssk=", "last_login": "2023-05-25T20:02:08.743Z", "is_superuser": false, "username": "dfg", "first_name": "", "last_name": "", "email": "dfg@mail.ru", "is_staff": false, "is_active": true, "date_joined": "2023-05-25T20:02:07.826Z", "groups": [1, 2], "user_permissions": []}}, {"model": "auth.user", "pk": 16, "fields": {"password": "pbkdf2_sha256$390000$vQfLu4EDWWGTFaGv7zqWNq$7a5k1WjHIeltT/D92RCVhqHWHDmW72xZGrvLQP0auds=", "last_login": "2023-05-26T09:31:03.017Z", "is_superuser": false, "username": "fin", "first_name": "", "last_name": "", "email": "fin@mail.ru", "is_staff": false, "is_active": true, "date_joined": "2023-05-26T09:31:02.284Z", "groups": [1, 2], "user_permissions": []}}, {"model": "auth.user", "pk": 17, "fields": {"password": "pbkdf2_sha256$390000$rhusSwJUEJZQwvJRBccI0V$QSM+oKM5nxPR0dEwEeIt7/X7O+GY6CwfDIz7fOxv/HE=", "last_login": "2023-05-30T11:12:17.115Z", "is_superuser": false, "username": "mmm", "first_name": "", "last_name": "", "email": "mmm@mail.ru", "is_staff": false, "is_active": true, "date_joined": "2023-05-30T11:12:16.395Z", "groups": [1], "user_permissions": []}}, {"model": "auth.user", "pk": 18, "fields": {"password": "pbkdf2_sha256$390000$wSfcPrOhFNfZpbaXlv8P5N$irQTYTinHaAoWTGVOVrxCwvhI+ZSZF+3VAwVcFPSvpM=", "last_login": "2023-05-30T11:15:55.097Z", "is_superuser": false, "username": "kkk", "first_name": "w", "last_name": "a", "email": "kkk@mail.ru", "is_staff": false, "is_active": true, "date_joined": "2023-05-30T11:15:27.999Z", "groups": [], "user_permissions": []}}, {"model": "auth.user", "pk": 19, "fields": {"password": "pbkdf2_sha256$390000$YvmAoCFq05D2oWYwib0hUY$izsqbXDJIgDXUlBjyJrmZvP5DQ2ibauU4/K09DSukEk=", "last_login": "2023-05-30T15:29:51.245Z", "is_superuser": false, "username": "qwer", "first_name": "", "last_name": "", "email": "qwer@mail.ru", "is_staff": false, "is_active": true, "date_joined": "2023-05-30T15:29:50.344Z", "groups": [1, 2], "user_permissions": []}}, {"model": "auth.user", "pk": 31, "fields": {"password": "pbkdf2_sha256$390000$BV8y6aScrEpXPsRrpipPKo$WlfHxqoJexbv6QKMpZdZgTv9PkHvLtHfoQD68QHkiww=", "last_login": "2023-07-13T08:49:33.409Z", "is_superuser": false, "username": "ankom", "first_name": "", "last_name": "", "email": "ankom@list.ru", "is_staff": false, "is_active": true, "date_joined": "2023-06-23T19:18:31.345Z", "groups": [2], "user_permissions": []}}, {"model": "contenttypes.contenttype", "pk": 1, "fields": {"app_label": "admin", "model": "logentry"}}, {"model": "contenttypes.contenttype", "pk": 2, "fields": {"app_label": "auth", "model": "permission"}}, {"model": "contenttypes.contenttype", "pk": 3, "fields": {"app_label": "auth", "model": "group"}}, {"model": "contenttypes.contenttype", "pk": 4, "fields": {"app_label": "auth", "model": "user"}}, {"model": "contenttypes.contenttype", "pk": 5, "fields": {"app_label": "contenttypes", "model": "contenttype"}}, {"model": "contenttypes.contenttype", "pk": 6, "fields": {"app_label": "sessions", "model": "session"}}, {"model": "contenttypes.contenttype", "pk": 7, "fields": {"app_label": "news", "model": "comment"}}, {"model": "contenttypes.contenttype", "pk": 8, "fields": {"app_label": "news", "model": "author"}}, {"model": "contenttypes.contenttype", "pk": 9, "fields": {"app_label": "news", "model": "post"}}, {"model": "contenttypes.contenttype", "pk": 10, "fields": {"app_label": "news", "model": "postcategory"}}, {"model": "contenttypes.contenttype", "pk": 11, "fields": {"app_label": "news", "model": "category"}}, {"model": "contenttypes.contenttype", "pk": 12, "fields": {"app_label": "sites", "model": "site"}}, {"model": "contenttypes.contenttype", "pk": 13, "fields": {"app_label": "flatpages", "model": "flatpage"}}, {"model": "contenttypes.contenttype", "pk": 14, "fields": {"app_label": "account", "model": "emailaddress"}}, {"model": "contenttypes.contenttype", "pk": 15, "fields": {"app_label": "account", "model": "emailconfirmation"}}, {"model": "contenttypes.contenttype", "pk": 16, "fields": {"app_label": "socialaccount", "model": "socialaccount"}}, {"model": "contenttypes.contenttype", "pk": 17, "fields": {"app_label": "socialaccount", "model": "socialapp"}}, {"model": "contenttypes.contenttype", "pk": 18, "fields": {"app_label": "socialaccount", "model": "socialtoken"}}, {"model": "contenttypes.contenttype", "pk": 19, "fields": {"app_label": "django_apscheduler", "model": "djangojob"}}, {"model": "contenttypes.contenttype", "pk": 20, "fields": {"app_label": "django_apscheduler", "model": "djangojobexecution"}}, {"model": "sessions.session", "pk": "2q7fi6l1yt8vr6b1c1abhhiipw3wxega", "fields": {"session_data": ".eJxVjEEOwiAQRe_C2hCEoYBL956BDMwgVUOT0q6Md7dNutDte-__t4i4LjWunec4krgIEKdfljA_ue2CHtjuk8xTW-YxyT2Rh-3yNhG_rkf7d1Cx122tAgblWBuXCkCyQ2HHxtCg3Mact6g8FiqKAJzXJjGbM3BmCqihWPH5AtZAN-A:1pkjjC:DsDwfKmRvia6Y18tfQMlsYIOt3x3aZSPzFKvdijHSJE", "expire_date": "2023-04-21T10:53:58.633Z"}}, {"model": "sessions.session", "pk": "4apjwi6vcijslo8buggc4lvucxe7upyz", "fields": {"session_data": ".eJxVjEEOwiAQRe_C2hCEoYBL956BDMwgVUOT0q6Md7dNutDte-__t4i4LjWunec4krgIEKdfljA_ue2CHtjuk8xTW-YxyT2Rh-3yNhG_rkf7d1Cx122tAgblWBuXCkCyQ2HHxtCg3Mact6g8FiqKAJzXJjGbM3BmCqihWPH5AtZAN-A:1px0oQ:KsDnOIqOvH_U_Qcfn2a7bJ3DiSjHD2Cpve5GEBpsJtk", "expire_date": "2023-05-25T07:34:06.238Z"}}, {"model": "sessions.session", "pk": "4azvu7nnx81fsun1hwvblf2zp5j4yq9h", "fields": {"session_data": ".eJxVjEEOwiAQRe_C2hCEoYBL956BDMwgVUOT0q6Md7dNutDte-__t4i4LjWunec4krgIEKdfljA_ue2CHtjuk8xTW-YxyT2Rh-3yNhG_rkf7d1Cx122tAgblWBuXCkCyQ2HHxtCg3Mact6g8FiqKAJzXJjGbM3BmCqihWPH5AtZAN-A:1q1ODr:teEITuNr5iOw4R1YeMCOqVVwBC_3hV74WMWO_A6l0ZM", "expire_date": "2023-06-06T09:22:27.974Z"}}, {"model": "sessions.session", "pk": "6q0e5jiwvk776gp9h8ot7krruclpe4d6", "fields": {"session_data": ".eJxVjEEOwiAQRe_C2hCEoYBL956BDMwgVUOT0q6Md7dNutDte-__t4i4LjWunec4krgIEKdfljA_ue2CHtjuk8xTW-YxyT2Rh-3yNhG_rkf7d1Cx122tAgblWBuXCkCyQ2HHxtCg3Mact6g8FiqKAJzXJjGbM3BmCqihWPH5AtZAN-A:1pkNdg:8pN2fZ80xcLKruyv0GEmfqrFe7OzLd3bDnSME8xtVuU", "expire_date": "2023-04-20T11:18:48.185Z"}}, {"model": "sessions.session", "pk": "ap56662tmnhhylw3famjnaqmic80afpx", "fields": {"session_data": ".eJxVjUEOwiAQRe_C2jRYpoV2pxchAwyB2FBTINEY7y41Xejyvz_z_otprCXommnT0bGZATv9MoP2RmkvcFl23KG1a02l-94cde4uLVEq0WKJa7oeX3-qgDk0D59w4pJ6IY0HMMPoSZIQbuSyMakG5Aq989wBSNULQyTOQJbchD34YZdmyrnNaHrc4_ZkM39_AK9AQ5E:1qA7LO:3ZhHOtd_wpptNfShdWkmp7YSsfJS5Cm9G-CsfpYpGSE", "expire_date": "2023-06-30T11:10:18.904Z"}}, {"model": "sessions.session", "pk": "e82sm6cu1ueh1m9icc518nfi87vxeoht", "fields": {"session_data": ".eJxVjMEOgyAQRP-Fc2NUWNDe2h8h6-4SSA0mBU5N_73aeGiP82bmvZTHVqNvRZ4-sboqpy6_bEF6SD4KXNcDd0i0tVy77-asS3fbk-SaCGva8v18_akilrh7AJA02zEMUzBDgDmwtQsLg2iZNPaz0aMjDc6ZwYpD6WeWiYNoBAu9en8Ayow8kQ:1qD1Ga:2ETXu4kZyfbFw89nG_Y04MVcbt_nytNdC40CTiVu9Vc", "expire_date": "2023-07-08T11:17:20.322Z"}}, {"model": "sessions.session", "pk": "flz2nplpp4p9342bqhr3iy79s7t9n4r0", "fields": {"session_data": ".eJxVjMEOgyAQRP-Fc2NcEKje2h8hu7BEUopJhV6a_nu18eJx3sy8j0Dvl1aqe_MrxcTB8RNTFlNpOV-Ew1Zn11Z-uRTEJMCIEyT0Dy57gznvuDt83X9z1Gt32xKXmjzWtJT78TqpZlznzWMxyCBjP0gZFFiyaLQJSuvIZABGFXsAjVdFQSPocURLfSTJyg4DWRbfH6eHR6E:1q2Tmp:Psotkd37jU4wc9-g0Gp2vaaOpLVk6ujh1DbM0TFk_yo", "expire_date": "2023-06-09T09:31:03.133Z"}}, {"model": "sessions.session", "pk": "g5yq4ki5n7ptknvrlebpiysswbcggew0", "fields": {"session_data": ".eJxVjcsKwjAQRf8laykZE9PHTn8kzCQzNFhSMSko4r_bShe6vK9zX8rjUke_FL77FNWgDKjDr0kYrpy3BKdpsxsMYV5ybb6dPS7NeVWcawpY05wv--oPNWIZV462zBylc612ErSAs44hUE9RkzHS9wgiVnesjZxsjHQ0QEJtKwCdow1auJT1xvPjlu5PNej3BxKpRHQ:1qJs0z:iQK5if4wE9_Sq9aSaWiRzyBI-PDina3wFSMvru3ObWw", "expire_date": "2023-07-27T08:49:33.511Z"}}, {"model": "sessions.session", "pk": "i02g1ngjb49i8g7bgohpoz1hl7r9un68", "fields": {"session_data": ".eJxVjMsKwjAQAP8lZwl5dPPw6L3fEHazwVQlhaY9if8ugR70OjPMWyQ89pqOXra0sLgKEJdfRpifpQ3BD2z3Vea17dtCciTytF3OK5fX7Wz_BhV7HVvE4IMp1pdorfLogyaIzMaTigzFOvDGOGPBZXLEWmlAngxanjhr8fkCxtU3PA:1q0JdU:yS0ioCIF1qGSfKrzZYeTxSyLUyjhfm7VcWDivc0icDI", "expire_date": "2023-06-03T10:16:28.944Z"}}, {"model": "sessions.session", "pk": "ifyc44018zrah6uydfw83w3osogx4duw", "fields": {"session_data": ".eJxVjMEOgyAQRP-Fc2NUWNDe2h8h6-4SSA0mBU5N_73aeGiP82bmvZTHVqNvRZ4-sboqpy6_bEF6SD4KXNcDd0i0tVy77-asS3fbk-SaCGva8v18_akilrh7AJA02zEMUzBDgDmwtQsLg2iZNPaz0aMjDc6ZwYpD6WeWiYNoBAu9en8Ayow8kQ:1q4GUz:KOgHV7OuEHbJ_UBpL-Vy4bph8r5r4BIIkflWZCODQkA", "expire_date": "2023-06-14T07:44:01.427Z"}}, {"model": "sites.site", "pk": 1, "fields": {"domain": "127.0.0.1", "name": "NewsPaper.com"}}, {"model": "flatpages.flatpage", "pk": 1, "fields": {"url": "/about/", "title": "Плоская страница", "content": "Пример", "enable_comments": false, "template_name": "flatpages/example.html", "registration_required": false, "sites": [1]}}, {"model": "flatpages.flatpage", "pk": 2, "fields": {"url": "/tmp/", "title": "может заработает", "content": "", "enable_comments": false, "template_name": "flatpages/default2.html", "registration_required": false, "sites": [1]}}, {"model": "account.emailaddress", "pk": 1, "fields": {"user": 7, "email": "ankom225@gmail.com", "verified": true, "primary": true}}, {"model": "account.emailaddress", "pk": 2, "fields": {"user": 8, "email": "qwqq@mail.ru", "verified": false, "primary": true}}, {"model": "account.emailaddress", "pk": 3, "fields": {"user": 9, "email": "abc@mail.ru", "verified": false, "primary": true}}, {"model": "account.emailaddress", "pk": 4, "fields": {"user": 10, "email": "test@mail.ru", "verified": false, "primary": true}}, {"model": "account.emailaddress", "pk": 5, "fields": {"user": 11, "email": "zxz@mail.ru", "verified": false, "primary": true}}, {"model": "account.emailaddress", "pk": 6, "fields": {"user": 12, "email": "bnm@mail.ru", "verified": false, "primary": true}}, {"model": "account.emailaddress", "pk": 7, "fields": {"user": 13, "email": "cvb@mail.ru", "verified": false, "primary": true}}, {"model": "account.emailaddress", "pk": 8, "fields": {"user": 14, "email": "wer@mail.ru", "verified": false, "primary": true}}, {"model": "account.emailaddress", "pk": 9, "fields": {"user": 15, "email": "dfg@mail.ru", "verified": false, "primary": true}}, {"model": "account.emailaddress", "pk": 10, "fields": {"user": 16, "email": "fin@mail.ru", "verified": false, "primary": true}}, {"model": "account.emailaddress", "pk": 11, "fields": {"user": 17, "email": "mmm@mail.ru", "verified": false, "primary": true}}, {"model": "account.emailaddress", "pk": 12, "fields": {"user": 19, "email": "qwer@mail.ru", "verified": false, "primary": true}}, {"model": "account.emailaddress", "pk": 24, "fields": {"user": 31, "email": "ankom@list.ru", "verified": true, "primary": true}}, {"model": "socialaccount.socialapp", "pk": 1, "fields": {"provider": "google", "name": "Google", "client_id": "1064219231075-61ddkcstihuuehh38ck98d8urr8kq522.apps.googleusercontent.com", "secret": "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", "key": "", "sites": [1]}}, {"model": "socialaccount.socialaccount", "pk": 1, "fields": {"user": 7, "provider": "google", "uid": "109044624720772415597", "last_login": "2023-06-24T11:17:19.910Z", "date_joined": "2023-05-24T08:46:55.611Z", "extra_data": "{\"iss\": \"https://accounts.google.com\", \"azp\": \"1064219231075-61ddkcstihuuehh38ck98d8urr8kq522.apps.googleusercontent.com\", \"aud\": \"1064219231075-61ddkcstihuuehh38ck98d8urr8kq522.apps.googleusercontent.com\", \"sub\": \"109044624720772415597\", \"email\": \"ankom225@gmail.com\", \"email_verified\": true, \"at_hash\": \"cB6wgUY072_jX_T9prr7KA\", \"name\": \"\\u0410\\u043d\\u0434\\u0440\\u0435\\u0439 \\u041a\\u043e\\u043c\\u043b\\u0435\\u0432\", \"picture\": \"https://lh3.googleusercontent.com/a/AAcHTtcc9iPx50qZ7Kni0vV3MfM9dQHlTZj00FX4-qKn=s96-c\", \"given_name\": \"\\u0410\\u043d\\u0434\\u0440\\u0435\\u0439\", \"family_name\": \"\\u041a\\u043e\\u043c\\u043b\\u0435\\u0432\", \"locale\": \"ru\", \"iat\": 1687605440, \"exp\": 1687609040}"}}, {"model": "django_apscheduler.djangojob", "pk": "delete_old_job_executions", "fields": {"next_run_time": "2023-07-02T21:00:00Z", "job_state": "gAWVWQQAAAAAAAB9lCiMB3ZlcnNpb26USwGMAmlklIwZZGVsZXRlX29sZF9qb2JfZXhlY3V0aW9uc5SMBGZ1bmOUjEFuZXdzLm1hbmFnZW1lbnQuY29tbWFuZHMucnVuYXBzY2hlZHVsZXI6ZGVsZXRlX29sZF9qb2JfZXhlY3V0aW9uc5SMB3RyaWdnZXKUjBlhcHNjaGVkdWxlci50cmlnZ2Vycy5jcm9ulIwLQ3JvblRyaWdnZXKUk5QpgZR9lChoAUsCjAh0aW1lem9uZZSMCGJ1aWx0aW5zlIwHZ2V0YXR0cpSTlIwIem9uZWluZm+UjAhab25lSW5mb5STlIwJX3VucGlja2xllIaUUpSMDUV1cm9wZS9Nb3Njb3eUSwGGlFKUjApzdGFydF9kYXRllE6MCGVuZF9kYXRllE6MBmZpZWxkc5RdlCiMIGFwc2NoZWR1bGVyLnRyaWdnZXJzLmNyb24uZmllbGRzlIwJQmFzZUZpZWxklJOUKYGUfZQojARuYW1llIwEeWVhcpSMCmlzX2RlZmF1bHSUiIwLZXhwcmVzc2lvbnOUXZSMJWFwc2NoZWR1bGVyLnRyaWdnZXJzLmNyb24uZXhwcmVzc2lvbnOUjA1BbGxFeHByZXNzaW9ulJOUKYGUfZSMBHN0ZXCUTnNiYXViaB2MCk1vbnRoRmllbGSUk5QpgZR9lChoIowFbW9udGiUaCSIaCVdlGgpKYGUfZRoLE5zYmF1YmgdjA9EYXlPZk1vbnRoRmllbGSUk5QpgZR9lChoIowDZGF5lGgkiGglXZRoKSmBlH2UaCxOc2JhdWJoHYwJV2Vla0ZpZWxklJOUKYGUfZQoaCKMBHdlZWuUaCSIaCVdlGgpKYGUfZRoLE5zYmF1YmgdjA5EYXlPZldlZWtGaWVsZJSTlCmBlH2UKGgijAtkYXlfb2Zfd2Vla5RoJIloJV2UaCeMFldlZWtkYXlSYW5nZUV4cHJlc3Npb26Uk5QpgZR9lChoLE6MBWZpcnN0lEsAjARsYXN0lEsAdWJhdWJoHymBlH2UKGgijARob3VylGgkiWglXZRoJ4wPUmFuZ2VFeHByZXNzaW9ulJOUKYGUfZQoaCxOaE9LAGhQSwB1YmF1YmgfKYGUfZQoaCKMBm1pbnV0ZZRoJIloJV2UaFYpgZR9lChoLE5oT0sAaFBLAHViYXViaB8pgZR9lChoIowGc2Vjb25klGgkiGglXZRoVimBlH2UKGgsTmhPSwBoUEsAdWJhdWJljAZqaXR0ZXKUTnVijAhleGVjdXRvcpSMB2RlZmF1bHSUjARhcmdzlCmMBmt3YXJnc5R9lGgiaAOMEm1pc2ZpcmVfZ3JhY2VfdGltZZRLAYwIY29hbGVzY2WUiIwNbWF4X2luc3RhbmNlc5RLAYwNbmV4dF9ydW5fdGltZZSMCGRhdGV0aW1llIwIZGF0ZXRpbWWUk5RDCgfnBwMAAAAAAACUaBiGlFKUdS4="}}, {"model": "django_apscheduler.djangojob", "pk": "my_job", "fields": {"next_run_time": "2023-06-26T10:10:20Z", "job_state": "gAWV1gMAAAAAAAB9lCiMB3ZlcnNpb26USwGMAmlklIwGbXlfam9ilIwEZnVuY5SMLm5ld3MubWFuYWdlbWVudC5jb21tYW5kcy5ydW5hcHNjaGVkdWxlcjpteV9qb2KUjAd0cmlnZ2VylIwZYXBzY2hlZHVsZXIudHJpZ2dlcnMuY3JvbpSMC0Nyb25UcmlnZ2VylJOUKYGUfZQoaAFLAowIdGltZXpvbmWUjAhidWlsdGluc5SMB2dldGF0dHKUk5SMCHpvbmVpbmZvlIwIWm9uZUluZm+Uk5SMCV91bnBpY2tsZZSGlFKUjA1FdXJvcGUvTW9zY293lEsBhpRSlIwKc3RhcnRfZGF0ZZROjAhlbmRfZGF0ZZROjAZmaWVsZHOUXZQojCBhcHNjaGVkdWxlci50cmlnZ2Vycy5jcm9uLmZpZWxkc5SMCUJhc2VGaWVsZJSTlCmBlH2UKIwEbmFtZZSMBHllYXKUjAppc19kZWZhdWx0lIiMC2V4cHJlc3Npb25zlF2UjCVhcHNjaGVkdWxlci50cmlnZ2Vycy5jcm9uLmV4cHJlc3Npb25zlIwNQWxsRXhwcmVzc2lvbpSTlCmBlH2UjARzdGVwlE5zYmF1YmgdjApNb250aEZpZWxklJOUKYGUfZQoaCKMBW1vbnRolGgkiGglXZRoKSmBlH2UaCxOc2JhdWJoHYwPRGF5T2ZNb250aEZpZWxklJOUKYGUfZQoaCKMA2RheZRoJIhoJV2UaCkpgZR9lGgsTnNiYXViaB2MCVdlZWtGaWVsZJSTlCmBlH2UKGgijAR3ZWVrlGgkiGglXZRoKSmBlH2UaCxOc2JhdWJoHYwORGF5T2ZXZWVrRmllbGSUk5QpgZR9lChoIowLZGF5X29mX3dlZWuUaCSIaCVdlGgpKYGUfZRoLE5zYmF1YmgfKYGUfZQoaCKMBGhvdXKUaCSIaCVdlGgpKYGUfZRoLE5zYmF1YmgfKYGUfZQoaCKMBm1pbnV0ZZRoJIhoJV2UaCkpgZR9lGgsTnNiYXViaB8pgZR9lChoIowGc2Vjb25klGgkiWglXZRoKSmBlH2UaCxLCnNiYXViZYwGaml0dGVylE51YowIZXhlY3V0b3KUjAdkZWZhdWx0lIwEYXJnc5QpjAZrd2FyZ3OUfZRoImgDjBJtaXNmaXJlX2dyYWNlX3RpbWWUSwGMCGNvYWxlc2NllIiMDW1heF9pbnN0YW5jZXOUSwGMDW5leHRfcnVuX3RpbWWUjAhkYXRldGltZZSMCGRhdGV0aW1llJOUQwoH5wYaDQoUAAAAlGgYhpRSlHUu"}}, {"model": "django_apscheduler.djangojobexecution", "pk": 1, "fields": {"job": "my_job", "status": "Error!", "run_time": "2023-06-26T07:01:20Z", "duration": "0.08", "finished": "1687762880.08", "exception": "Cannot resolve keyword 'time_create_gte' into field. Choices are: author, author_id, category, comment, content, heading, id, postcategory, property, rate, time_create", "traceback": "  File \"D:\\Teach\\Python\\venv_dj\\Lib\\site-packages\\apscheduler\\executors\\base.py\", line 125, in run_job\n    retval = job.func(*job.args, **job.kwargs)\n             ^^^^^^^^^^^^^^^^^^^^^^^^^^^^^^^^^\n  File \"D:\\Teach\\Python\\Projects\\NewsPaper\\news\\management\\commands\\runapscheduler.py\", line 25, in my_job\n    articles = Post.objects.filter(time_create_gte=last_week)\n               ^^^^^^^^^^^^^^^^^^^^^^^^^^^^^^^^^^^^^^^^^^^^^^\n  File \"D:\\Teach\\Python\\venv_dj\\Lib\\site-packages\\django\\db\\models\\manager.py\", line 85, in manager_method\n    return getattr(self.get_queryset(), name)(*args, **kwargs)\n           ^^^^^^^^^^^^^^^^^^^^^^^^^^^^^^^^^^^^^^^^^^^^^^^^^^^\n  File \"D:\\Teach\\Python\\venv_dj\\Lib\\site-packages\\django\\db\\models\\query.py\", line 1421, in filter\n    return self._filter_or_exclude(False, args, kwargs)\n           ^^^^^^^^^^^^^^^^^^^^^^^^^^^^^^^^^^^^^^^^^^^^\n  File \"D:\\Teach\\Python\\venv_dj\\Lib\\site-packages\\django\\db\\models\\query.py\", line 1439, in _filter_or_exclude\n    clone._filter_or_exclude_inplace(negate, args, kwargs)\n  File \"D:\\Teach\\Python\\venv_dj\\Lib\\site-packages\\django\\db\\models\\query.py\", line 1446, in _filter_or_exclude_inplace\n    self._query.add_q(Q(*args, **kwargs))\n  File \"D:\\Teach\\Python\\venv_dj\\Lib\\site-packages\\django\\db\\models\\sql\\query.py\", line 1532, in add_q\n    clause, _ = self._add_q(q_object, self.used_aliases)\n                ^^^^^^^^^^^^^^^^^^^^^^^^^^^^^^^^^^^^^^^^\n  File \"D:\\Teach\\Python\\venv_dj\\Lib\\site-packages\\django\\db\\models\\sql\\query.py\", line 1562, in _add_q\n    child_clause, needed_inner = self.build_filter(\n                                 ^^^^^^^^^^^^^^^^^^\n  File \"D:\\Teach\\Python\\venv_dj\\Lib\\site-packages\\django\\db\\models\\sql\\query.py\", line 1407, in build_filter\n    lookups, parts, reffed_expression = self.solve_lookup_type(arg)\n                                        ^^^^^^^^^^^^^^^^^^^^^^^^^^^\n  File \"D:\\Teach\\Python\\venv_dj\\Lib\\site-packages\\django\\db\\models\\sql\\query.py\", line 1217, in solve_lookup_type\n    _, field, _, lookup_parts = self.names_to_path(lookup_splitted, self.get_meta())\n                                ^^^^^^^^^^^^^^^^^^^^^^^^^^^^^^^^^^^^^^^^^^^^^^^^^^^^\n  File \"D:\\Teach\\Python\\venv_dj\\Lib\\site-packages\\django\\db\\models\\sql\\query.py\", line 1709, in names_to_path\n    raise FieldError(\n"}}, {"model": "django_apscheduler.djangojobexecution", "pk": 2, "fields": {"job": "my_job", "status": "Error!", "run_time": "2023-06-26T07:01:30Z", "duration": "0.29", "finished": "1687762890.29", "exception": "Cannot resolve keyword 'time_create_gte' into field. Choices are: author, author_id, category, comment, content, heading, id, postcategory, property, rate, time_create", "traceback": "  File \"D:\\Teach\\Python\\venv_dj\\Lib\\site-packages\\apscheduler\\executors\\base.py\", line 125, in run_job\n    retval = job.func(*job.args, **job.kwargs)\n             ^^^^^^^^^^^^^^^^^^^^^^^^^^^^^^^^^\n  File \"D:\\Teach\\Python\\Projects\\NewsPaper\\news\\management\\commands\\runapscheduler.py\", line 25, in my_job\n    articles = Post.objects.filter(time_create_gte=last_week)\n               ^^^^^^^^^^^^^^^^^^^^^^^^^^^^^^^^^^^^^^^^^^^^^^\n  File \"D:\\Teach\\Python\\venv_dj\\Lib\\site-packages\\django\\db\\models\\manager.py\", line 85, in manager_method\n    return getattr(self.get_queryset(), name)(*args, **kwargs)\n           ^^^^^^^^^^^^^^^^^^^^^^^^^^^^^^^^^^^^^^^^^^^^^^^^^^^\n  File \"D:\\Teach\\Python\\venv_dj\\Lib\\site-packages\\django\\db\\models\\query.py\", line 1421, in filter\n    return self._filter_or_exclude(False, args, kwargs)\n           ^^^^^^^^^^^^^^^^^^^^^^^^^^^^^^^^^^^^^^^^^^^^\n  File \"D:\\Teach\\Python\\venv_dj\\Lib\\site-packages\\django\\db\\models\\query.py\", line 1439, in _filter_or_exclude\n    clone._filter_or_exclude_inplace(negate, args, kwargs)\n  File \"D:\\Teach\\Python\\venv_dj\\Lib\\site-packages\\django\\db\\models\\query.py\", line 1446, in _filter_or_exclude_inplace\n    self._query.add_q(Q(*args, **kwargs))\n  File \"D:\\Teach\\Python\\venv_dj\\Lib\\site-packages\\django\\db\\models\\sql\\query.py\", line 1532, in add_q\n    clause, _ = self._add_q(q_object, self.used_aliases)\n                ^^^^^^^^^^^^^^^^^^^^^^^^^^^^^^^^^^^^^^^^\n  File \"D:\\Teach\\Python\\venv_dj\\Lib\\site-packages\\django\\db\\models\\sql\\query.py\", line 1562, in _add_q\n    child_clause, needed_inner = self.build_filter(\n                                 ^^^^^^^^^^^^^^^^^^\n  File \"D:\\Teach\\Python\\venv_dj\\Lib\\site-packages\\django\\db\\models\\sql\\query.py\", line 1407, in build_filter\n    lookups, parts, reffed_expression = self.solve_lookup_type(arg)\n                                        ^^^^^^^^^^^^^^^^^^^^^^^^^^^\n  File \"D:\\Teach\\Python\\venv_dj\\Lib\\site-packages\\django\\db\\models\\sql\\query.py\", line 1217, in solve_lookup_type\n    _, field, _, lookup_parts = self.names_to_path(lookup_splitted, self.get_meta())\n                                ^^^^^^^^^^^^^^^^^^^^^^^^^^^^^^^^^^^^^^^^^^^^^^^^^^^^\n  File \"D:\\Teach\\Python\\venv_dj\\Lib\\site-packages\\django\\db\\models\\sql\\query.py\", line 1709, in names_to_path\n    raise FieldError(\n"}}, {"model": "django_apscheduler.djangojobexecution", "pk": 3, "fields": {"job": "my_job", "status": "Error!", "run_time": "2023-06-26T07:01:40Z", "duration": "0.27", "finished": "1687762900.27", "exception": "Cannot resolve keyword 'time_create_gte' into field. Choices are: author, author_id, category, comment, content, heading, id, postcategory, property, rate, time_create", "traceback": "  File \"D:\\Teach\\Python\\venv_dj\\Lib\\site-packages\\apscheduler\\executors\\base.py\", line 125, in run_job\n    retval = job.func(*job.args, **job.kwargs)\n             ^^^^^^^^^^^^^^^^^^^^^^^^^^^^^^^^^\n  File \"D:\\Teach\\Python\\Projects\\NewsPaper\\news\\management\\commands\\runapscheduler.py\", line 25, in my_job\n    articles = Post.objects.filter(time_create_gte=last_week)\n               ^^^^^^^^^^^^^^^^^^^^^^^^^^^^^^^^^^^^^^^^^^^^^^\n  File \"D:\\Teach\\Python\\venv_dj\\Lib\\site-packages\\django\\db\\models\\manager.py\", line 85, in manager_method\n    return getattr(self.get_queryset(), name)(*args, **kwargs)\n           ^^^^^^^^^^^^^^^^^^^^^^^^^^^^^^^^^^^^^^^^^^^^^^^^^^^\n  File \"D:\\Teach\\Python\\venv_dj\\Lib\\site-packages\\django\\db\\models\\query.py\", line 1421, in filter\n    return self._filter_or_exclude(False, args, kwargs)\n           ^^^^^^^^^^^^^^^^^^^^^^^^^^^^^^^^^^^^^^^^^^^^\n  File \"D:\\Teach\\Python\\venv_dj\\Lib\\site-packages\\django\\db\\models\\query.py\", line 1439, in _filter_or_exclude\n    clone._filter_or_exclude_inplace(negate, args, kwargs)\n  File \"D:\\Teach\\Python\\venv_dj\\Lib\\site-packages\\django\\db\\models\\query.py\", line 1446, in _filter_or_exclude_inplace\n    self._query.add_q(Q(*args, **kwargs))\n  File \"D:\\Teach\\Python\\venv_dj\\Lib\\site-packages\\django\\db\\models\\sql\\query.py\", line 1532, in add_q\n    clause, _ = self._add_q(q_object, self.used_aliases)\n                ^^^^^^^^^^^^^^^^^^^^^^^^^^^^^^^^^^^^^^^^\n  File \"D:\\Teach\\Python\\venv_dj\\Lib\\site-packages\\django\\db\\models\\sql\\query.py\", line 1562, in _add_q\n    child_clause, needed_inner = self.build_filter(\n                                 ^^^^^^^^^^^^^^^^^^\n  File \"D:\\Teach\\Python\\venv_dj\\Lib\\site-packages\\django\\db\\models\\sql\\query.py\", line 1407, in build_filter\n    lookups, parts, reffed_expression = self.solve_lookup_type(arg)\n                                        ^^^^^^^^^^^^^^^^^^^^^^^^^^^\n  File \"D:\\Teach\\Python\\venv_dj\\Lib\\site-packages\\django\\db\\models\\sql\\query.py\", line 1217, in solve_lookup_type\n    _, field, _, lookup_parts = self.names_to_path(lookup_splitted, self.get_meta())\n                                ^^^^^^^^^^^^^^^^^^^^^^^^^^^^^^^^^^^^^^^^^^^^^^^^^^^^\n  File \"D:\\Teach\\Python\\venv_dj\\Lib\\site-packages\\django\\db\\models\\sql\\query.py\", line 1709, in names_to_path\n    raise FieldError(\n"}}, {"model": "django_apscheduler.djangojobexecution", "pk": 4, "fields": {"job": "my_job", "status": "Error!", "run_time": "2023-06-26T07:01:50Z", "duration": "0.21", "finished": "1687762910.21", "exception": "Cannot resolve keyword 'time_create_gte' into field. Choices are: author, author_id, category, comment, content, heading, id, postcategory, property, rate, time_create", "traceback": "  File \"D:\\Teach\\Python\\venv_dj\\Lib\\site-packages\\apscheduler\\executors\\base.py\", line 125, in run_job\n    retval = job.func(*job.args, **job.kwargs)\n             ^^^^^^^^^^^^^^^^^^^^^^^^^^^^^^^^^\n  File \"D:\\Teach\\Python\\Projects\\NewsPaper\\news\\management\\commands\\runapscheduler.py\", line 25, in my_job\n    articles = Post.objects.filter(time_create_gte=last_week)\n               ^^^^^^^^^^^^^^^^^^^^^^^^^^^^^^^^^^^^^^^^^^^^^^\n  File \"D:\\Teach\\Python\\venv_dj\\Lib\\site-packages\\django\\db\\models\\manager.py\", line 85, in manager_method\n    return getattr(self.get_queryset(), name)(*args, **kwargs)\n           ^^^^^^^^^^^^^^^^^^^^^^^^^^^^^^^^^^^^^^^^^^^^^^^^^^^\n  File \"D:\\Teach\\Python\\venv_dj\\Lib\\site-packages\\django\\db\\models\\query.py\", line 1421, in filter\n    return self._filter_or_exclude(False, args, kwargs)\n           ^^^^^^^^^^^^^^^^^^^^^^^^^^^^^^^^^^^^^^^^^^^^\n  File \"D:\\Teach\\Python\\venv_dj\\Lib\\site-packages\\django\\db\\models\\query.py\", line 1439, in _filter_or_exclude\n    clone._filter_or_exclude_inplace(negate, args, kwargs)\n  File \"D:\\Teach\\Python\\venv_dj\\Lib\\site-packages\\django\\db\\models\\query.py\", line 1446, in _filter_or_exclude_inplace\n    self._query.add_q(Q(*args, **kwargs))\n  File \"D:\\Teach\\Python\\venv_dj\\Lib\\site-packages\\django\\db\\models\\sql\\query.py\", line 1532, in add_q\n    clause, _ = self._add_q(q_object, self.used_aliases)\n                ^^^^^^^^^^^^^^^^^^^^^^^^^^^^^^^^^^^^^^^^\n  File \"D:\\Teach\\Python\\venv_dj\\Lib\\site-packages\\django\\db\\models\\sql\\query.py\", line 1562, in _add_q\n    child_clause, needed_inner = self.build_filter(\n                                 ^^^^^^^^^^^^^^^^^^\n  File \"D:\\Teach\\Python\\venv_dj\\Lib\\site-packages\\django\\db\\models\\sql\\query.py\", line 1407, in build_filter\n    lookups, parts, reffed_expression = self.solve_lookup_type(arg)\n                                        ^^^^^^^^^^^^^^^^^^^^^^^^^^^\n  File \"D:\\Teach\\Python\\venv_dj\\Lib\\site-packages\\django\\db\\models\\sql\\query.py\", line 1217, in solve_lookup_type\n    _, field, _, lookup_parts = self.names_to_path(lookup_splitted, self.get_meta())\n                                ^^^^^^^^^^^^^^^^^^^^^^^^^^^^^^^^^^^^^^^^^^^^^^^^^^^^\n  File \"D:\\Teach\\Python\\venv_dj\\Lib\\site-packages\\django\\db\\models\\sql\\query.py\", line 1709, in names_to_path\n    raise FieldError(\n"}}, {"model": "django_apscheduler.djangojobexecution", "pk": 5, "fields": {"job": "my_job", "status": "Error!", "run_time": "2023-06-26T07:02:00Z", "duration": "0.31", "finished": "1687762920.31", "exception": "Cannot resolve keyword 'time_create_gte' into field. Choices are: author, author_id, category, comment, content, heading, id, postcategory, property, rate, time_create", "traceback": "  File \"D:\\Teach\\Python\\venv_dj\\Lib\\site-packages\\apscheduler\\executors\\base.py\", line 125, in run_job\n    retval = job.func(*job.args, **job.kwargs)\n             ^^^^^^^^^^^^^^^^^^^^^^^^^^^^^^^^^\n  File \"D:\\Teach\\Python\\Projects\\NewsPaper\\news\\management\\commands\\runapscheduler.py\", line 25, in my_job\n    articles = Post.objects.filter(time_create_gte=last_week)\n               ^^^^^^^^^^^^^^^^^^^^^^^^^^^^^^^^^^^^^^^^^^^^^^\n  File \"D:\\Teach\\Python\\venv_dj\\Lib\\site-packages\\django\\db\\models\\manager.py\", line 85, in manager_method\n    return getattr(self.get_queryset(), name)(*args, **kwargs)\n           ^^^^^^^^^^^^^^^^^^^^^^^^^^^^^^^^^^^^^^^^^^^^^^^^^^^\n  File \"D:\\Teach\\Python\\venv_dj\\Lib\\site-packages\\django\\db\\models\\query.py\", line 1421, in filter\n    return self._filter_or_exclude(False, args, kwargs)\n           ^^^^^^^^^^^^^^^^^^^^^^^^^^^^^^^^^^^^^^^^^^^^\n  File \"D:\\Teach\\Python\\venv_dj\\Lib\\site-packages\\django\\db\\models\\query.py\", line 1439, in _filter_or_exclude\n    clone._filter_or_exclude_inplace(negate, args, kwargs)\n  File \"D:\\Teach\\Python\\venv_dj\\Lib\\site-packages\\django\\db\\models\\query.py\", line 1446, in _filter_or_exclude_inplace\n    self._query.add_q(Q(*args, **kwargs))\n  File \"D:\\Teach\\Python\\venv_dj\\Lib\\site-packages\\django\\db\\models\\sql\\query.py\", line 1532, in add_q\n    clause, _ = self._add_q(q_object, self.used_aliases)\n                ^^^^^^^^^^^^^^^^^^^^^^^^^^^^^^^^^^^^^^^^\n  File \"D:\\Teach\\Python\\venv_dj\\Lib\\site-packages\\django\\db\\models\\sql\\query.py\", line 1562, in _add_q\n    child_clause, needed_inner = self.build_filter(\n                                 ^^^^^^^^^^^^^^^^^^\n  File \"D:\\Teach\\Python\\venv_dj\\Lib\\site-packages\\django\\db\\models\\sql\\query.py\", line 1407, in build_filter\n    lookups, parts, reffed_expression = self.solve_lookup_type(arg)\n                                        ^^^^^^^^^^^^^^^^^^^^^^^^^^^\n  File \"D:\\Teach\\Python\\venv_dj\\Lib\\site-packages\\django\\db\\models\\sql\\query.py\", line 1217, in solve_lookup_type\n    _, field, _, lookup_parts = self.names_to_path(lookup_splitted, self.get_meta())\n                                ^^^^^^^^^^^^^^^^^^^^^^^^^^^^^^^^^^^^^^^^^^^^^^^^^^^^\n  File \"D:\\Teach\\Python\\venv_dj\\Lib\\site-packages\\django\\db\\models\\sql\\query.py\", line 1709, in names_to_path\n    raise FieldError(\n"}}, {"model": "django_apscheduler.djangojobexecution", "pk": 6, "fields": {"job": "my_job", "status": "Error!", "run_time": "2023-06-26T07:02:10Z", "duration": "0.38", "finished": "1687762930.38", "exception": "Cannot resolve keyword 'time_create_gte' into field. Choices are: author, author_id, category, comment, content, heading, id, postcategory, property, rate, time_create", "traceback": "  File \"D:\\Teach\\Python\\venv_dj\\Lib\\site-packages\\apscheduler\\executors\\base.py\", line 125, in run_job\n    retval = job.func(*job.args, **job.kwargs)\n             ^^^^^^^^^^^^^^^^^^^^^^^^^^^^^^^^^\n  File \"D:\\Teach\\Python\\Projects\\NewsPaper\\news\\management\\commands\\runapscheduler.py\", line 25, in my_job\n    articles = Post.objects.filter(time_create_gte=last_week)\n               ^^^^^^^^^^^^^^^^^^^^^^^^^^^^^^^^^^^^^^^^^^^^^^\n  File \"D:\\Teach\\Python\\venv_dj\\Lib\\site-packages\\django\\db\\models\\manager.py\", line 85, in manager_method\n    return getattr(self.get_queryset(), name)(*args, **kwargs)\n           ^^^^^^^^^^^^^^^^^^^^^^^^^^^^^^^^^^^^^^^^^^^^^^^^^^^\n  File \"D:\\Teach\\Python\\venv_dj\\Lib\\site-packages\\django\\db\\models\\query.py\", line 1421, in filter\n    return self._filter_or_exclude(False, args, kwargs)\n           ^^^^^^^^^^^^^^^^^^^^^^^^^^^^^^^^^^^^^^^^^^^^\n  File \"D:\\Teach\\Python\\venv_dj\\Lib\\site-packages\\django\\db\\models\\query.py\", line 1439, in _filter_or_exclude\n    clone._filter_or_exclude_inplace(negate, args, kwargs)\n  File \"D:\\Teach\\Python\\venv_dj\\Lib\\site-packages\\django\\db\\models\\query.py\", line 1446, in _filter_or_exclude_inplace\n    self._query.add_q(Q(*args, **kwargs))\n  File \"D:\\Teach\\Python\\venv_dj\\Lib\\site-packages\\django\\db\\models\\sql\\query.py\", line 1532, in add_q\n    clause, _ = self._add_q(q_object, self.used_aliases)\n                ^^^^^^^^^^^^^^^^^^^^^^^^^^^^^^^^^^^^^^^^\n  File \"D:\\Teach\\Python\\venv_dj\\Lib\\site-packages\\django\\db\\models\\sql\\query.py\", line 1562, in _add_q\n    child_clause, needed_inner = self.build_filter(\n                                 ^^^^^^^^^^^^^^^^^^\n  File \"D:\\Teach\\Python\\venv_dj\\Lib\\site-packages\\django\\db\\models\\sql\\query.py\", line 1407, in build_filter\n    lookups, parts, reffed_expression = self.solve_lookup_type(arg)\n                                        ^^^^^^^^^^^^^^^^^^^^^^^^^^^\n  File \"D:\\Teach\\Python\\venv_dj\\Lib\\site-packages\\django\\db\\models\\sql\\query.py\", line 1217, in solve_lookup_type\n    _, field, _, lookup_parts = self.names_to_path(lookup_splitted, self.get_meta())\n                                ^^^^^^^^^^^^^^^^^^^^^^^^^^^^^^^^^^^^^^^^^^^^^^^^^^^^\n  File \"D:\\Teach\\Python\\venv_dj\\Lib\\site-packages\\django\\db\\models\\sql\\query.py\", line 1709, in names_to_path\n    raise FieldError(\n"}}, {"model": "django_apscheduler.djangojobexecution", "pk": 7, "fields": {"job": "my_job", "status": "Error!", "run_time": "2023-06-26T07:02:20Z", "duration": "0.23", "finished": "1687762940.23", "exception": "Cannot resolve keyword 'time_create_gte' into field. Choices are: author, author_id, category, comment, content, heading, id, postcategory, property, rate, time_create", "traceback": "  File \"D:\\Teach\\Python\\venv_dj\\Lib\\site-packages\\apscheduler\\executors\\base.py\", line 125, in run_job\n    retval = job.func(*job.args, **job.kwargs)\n             ^^^^^^^^^^^^^^^^^^^^^^^^^^^^^^^^^\n  File \"D:\\Teach\\Python\\Projects\\NewsPaper\\news\\management\\commands\\runapscheduler.py\", line 25, in my_job\n    articles = Post.objects.filter(time_create_gte=last_week)\n               ^^^^^^^^^^^^^^^^^^^^^^^^^^^^^^^^^^^^^^^^^^^^^^\n  File \"D:\\Teach\\Python\\venv_dj\\Lib\\site-packages\\django\\db\\models\\manager.py\", line 85, in manager_method\n    return getattr(self.get_queryset(), name)(*args, **kwargs)\n           ^^^^^^^^^^^^^^^^^^^^^^^^^^^^^^^^^^^^^^^^^^^^^^^^^^^\n  File \"D:\\Teach\\Python\\venv_dj\\Lib\\site-packages\\django\\db\\models\\query.py\", line 1421, in filter\n    return self._filter_or_exclude(False, args, kwargs)\n           ^^^^^^^^^^^^^^^^^^^^^^^^^^^^^^^^^^^^^^^^^^^^\n  File \"D:\\Teach\\Python\\venv_dj\\Lib\\site-packages\\django\\db\\models\\query.py\", line 1439, in _filter_or_exclude\n    clone._filter_or_exclude_inplace(negate, args, kwargs)\n  File \"D:\\Teach\\Python\\venv_dj\\Lib\\site-packages\\django\\db\\models\\query.py\", line 1446, in _filter_or_exclude_inplace\n    self._query.add_q(Q(*args, **kwargs))\n  File \"D:\\Teach\\Python\\venv_dj\\Lib\\site-packages\\django\\db\\models\\sql\\query.py\", line 1532, in add_q\n    clause, _ = self._add_q(q_object, self.used_aliases)\n                ^^^^^^^^^^^^^^^^^^^^^^^^^^^^^^^^^^^^^^^^\n  File \"D:\\Teach\\Python\\venv_dj\\Lib\\site-packages\\django\\db\\models\\sql\\query.py\", line 1562, in _add_q\n    child_clause, needed_inner = self.build_filter(\n                                 ^^^^^^^^^^^^^^^^^^\n  File \"D:\\Teach\\Python\\venv_dj\\Lib\\site-packages\\django\\db\\models\\sql\\query.py\", line 1407, in build_filter\n    lookups, parts, reffed_expression = self.solve_lookup_type(arg)\n                                        ^^^^^^^^^^^^^^^^^^^^^^^^^^^\n  File \"D:\\Teach\\Python\\venv_dj\\Lib\\site-packages\\django\\db\\models\\sql\\query.py\", line 1217, in solve_lookup_type\n    _, field, _, lookup_parts = self.names_to_path(lookup_splitted, self.get_meta())\n                                ^^^^^^^^^^^^^^^^^^^^^^^^^^^^^^^^^^^^^^^^^^^^^^^^^^^^\n  File \"D:\\Teach\\Python\\venv_dj\\Lib\\site-packages\\django\\db\\models\\sql\\query.py\", line 1709, in names_to_path\n    raise FieldError(\n"}}, {"model": "django_apscheduler.djangojobexecution", "pk": 8, "fields": {"job": "my_job", "status": "Error!", "run_time": "2023-06-26T07:02:30Z", "duration": "0.30", "finished": "1687762950.30", "exception": "Cannot resolve keyword 'time_create_gte' into field. Choices are: author, author_id, category, comment, content, heading, id, postcategory, property, rate, time_create", "traceback": "  File \"D:\\Teach\\Python\\venv_dj\\Lib\\site-packages\\apscheduler\\executors\\base.py\", line 125, in run_job\n    retval = job.func(*job.args, **job.kwargs)\n             ^^^^^^^^^^^^^^^^^^^^^^^^^^^^^^^^^\n  File \"D:\\Teach\\Python\\Projects\\NewsPaper\\news\\management\\commands\\runapscheduler.py\", line 25, in my_job\n    articles = Post.objects.filter(time_create_gte=last_week)\n               ^^^^^^^^^^^^^^^^^^^^^^^^^^^^^^^^^^^^^^^^^^^^^^\n  File \"D:\\Teach\\Python\\venv_dj\\Lib\\site-packages\\django\\db\\models\\manager.py\", line 85, in manager_method\n    return getattr(self.get_queryset(), name)(*args, **kwargs)\n           ^^^^^^^^^^^^^^^^^^^^^^^^^^^^^^^^^^^^^^^^^^^^^^^^^^^\n  File \"D:\\Teach\\Python\\venv_dj\\Lib\\site-packages\\django\\db\\models\\query.py\", line 1421, in filter\n    return self._filter_or_exclude(False, args, kwargs)\n           ^^^^^^^^^^^^^^^^^^^^^^^^^^^^^^^^^^^^^^^^^^^^\n  File \"D:\\Teach\\Python\\venv_dj\\Lib\\site-packages\\django\\db\\models\\query.py\", line 1439, in _filter_or_exclude\n    clone._filter_or_exclude_inplace(negate, args, kwargs)\n  File \"D:\\Teach\\Python\\venv_dj\\Lib\\site-packages\\django\\db\\models\\query.py\", line 1446, in _filter_or_exclude_inplace\n    self._query.add_q(Q(*args, **kwargs))\n  File \"D:\\Teach\\Python\\venv_dj\\Lib\\site-packages\\django\\db\\models\\sql\\query.py\", line 1532, in add_q\n    clause, _ = self._add_q(q_object, self.used_aliases)\n                ^^^^^^^^^^^^^^^^^^^^^^^^^^^^^^^^^^^^^^^^\n  File \"D:\\Teach\\Python\\venv_dj\\Lib\\site-packages\\django\\db\\models\\sql\\query.py\", line 1562, in _add_q\n    child_clause, needed_inner = self.build_filter(\n                                 ^^^^^^^^^^^^^^^^^^\n  File \"D:\\Teach\\Python\\venv_dj\\Lib\\site-packages\\django\\db\\models\\sql\\query.py\", line 1407, in build_filter\n    lookups, parts, reffed_expression = self.solve_lookup_type(arg)\n                                        ^^^^^^^^^^^^^^^^^^^^^^^^^^^\n  File \"D:\\Teach\\Python\\venv_dj\\Lib\\site-packages\\django\\db\\models\\sql\\query.py\", line 1217, in solve_lookup_type\n    _, field, _, lookup_parts = self.names_to_path(lookup_splitted, self.get_meta())\n                                ^^^^^^^^^^^^^^^^^^^^^^^^^^^^^^^^^^^^^^^^^^^^^^^^^^^^\n  File \"D:\\Teach\\Python\\venv_dj\\Lib\\site-packages\\django\\db\\models\\sql\\query.py\", line 1709, in names_to_path\n    raise FieldError(\n"}}, {"model": "django_apscheduler.djangojobexecution", "pk": 9, "fields": {"job": "my_job", "status": "Error!", "run_time": "2023-06-26T07:02:40Z", "duration": "0.22", "finished": "1687762960.22", "exception": "Cannot resolve keyword 'time_create_gte' into field. Choices are: author, author_id, category, comment, content, heading, id, postcategory, property, rate, time_create", "traceback": "  File \"D:\\Teach\\Python\\venv_dj\\Lib\\site-packages\\apscheduler\\executors\\base.py\", line 125, in run_job\n    retval = job.func(*job.args, **job.kwargs)\n             ^^^^^^^^^^^^^^^^^^^^^^^^^^^^^^^^^\n  File \"D:\\Teach\\Python\\Projects\\NewsPaper\\news\\management\\commands\\runapscheduler.py\", line 25, in my_job\n    articles = Post.objects.filter(time_create_gte=last_week)\n               ^^^^^^^^^^^^^^^^^^^^^^^^^^^^^^^^^^^^^^^^^^^^^^\n  File \"D:\\Teach\\Python\\venv_dj\\Lib\\site-packages\\django\\db\\models\\manager.py\", line 85, in manager_method\n    return getattr(self.get_queryset(), name)(*args, **kwargs)\n           ^^^^^^^^^^^^^^^^^^^^^^^^^^^^^^^^^^^^^^^^^^^^^^^^^^^\n  File \"D:\\Teach\\Python\\venv_dj\\Lib\\site-packages\\django\\db\\models\\query.py\", line 1421, in filter\n    return self._filter_or_exclude(False, args, kwargs)\n           ^^^^^^^^^^^^^^^^^^^^^^^^^^^^^^^^^^^^^^^^^^^^\n  File \"D:\\Teach\\Python\\venv_dj\\Lib\\site-packages\\django\\db\\models\\query.py\", line 1439, in _filter_or_exclude\n    clone._filter_or_exclude_inplace(negate, args, kwargs)\n  File \"D:\\Teach\\Python\\venv_dj\\Lib\\site-packages\\django\\db\\models\\query.py\", line 1446, in _filter_or_exclude_inplace\n    self._query.add_q(Q(*args, **kwargs))\n  File \"D:\\Teach\\Python\\venv_dj\\Lib\\site-packages\\django\\db\\models\\sql\\query.py\", line 1532, in add_q\n    clause, _ = self._add_q(q_object, self.used_aliases)\n                ^^^^^^^^^^^^^^^^^^^^^^^^^^^^^^^^^^^^^^^^\n  File \"D:\\Teach\\Python\\venv_dj\\Lib\\site-packages\\django\\db\\models\\sql\\query.py\", line 1562, in _add_q\n    child_clause, needed_inner = self.build_filter(\n                                 ^^^^^^^^^^^^^^^^^^\n  File \"D:\\Teach\\Python\\venv_dj\\Lib\\site-packages\\django\\db\\models\\sql\\query.py\", line 1407, in build_filter\n    lookups, parts, reffed_expression = self.solve_lookup_type(arg)\n                                        ^^^^^^^^^^^^^^^^^^^^^^^^^^^\n  File \"D:\\Teach\\Python\\venv_dj\\Lib\\site-packages\\django\\db\\models\\sql\\query.py\", line 1217, in solve_lookup_type\n    _, field, _, lookup_parts = self.names_to_path(lookup_splitted, self.get_meta())\n                                ^^^^^^^^^^^^^^^^^^^^^^^^^^^^^^^^^^^^^^^^^^^^^^^^^^^^\n  File \"D:\\Teach\\Python\\venv_dj\\Lib\\site-packages\\django\\db\\models\\sql\\query.py\", line 1709, in names_to_path\n    raise FieldError(\n"}}, {"model": "django_apscheduler.djangojobexecution", "pk": 10, "fields": {"job": "my_job", "status": "Error!", "run_time": "2023-06-26T07:02:50Z", "duration": "0.34", "finished": "1687762970.34", "exception": "Cannot resolve keyword 'time_create_gte' into field. Choices are: author, author_id, category, comment, content, heading, id, postcategory, property, rate, time_create", "traceback": "  File \"D:\\Teach\\Python\\venv_dj\\Lib\\site-packages\\apscheduler\\executors\\base.py\", line 125, in run_job\n    retval = job.func(*job.args, **job.kwargs)\n             ^^^^^^^^^^^^^^^^^^^^^^^^^^^^^^^^^\n  File \"D:\\Teach\\Python\\Projects\\NewsPaper\\news\\management\\commands\\runapscheduler.py\", line 25, in my_job\n    articles = Post.objects.filter(time_create_gte=last_week)\n               ^^^^^^^^^^^^^^^^^^^^^^^^^^^^^^^^^^^^^^^^^^^^^^\n  File \"D:\\Teach\\Python\\venv_dj\\Lib\\site-packages\\django\\db\\models\\manager.py\", line 85, in manager_method\n    return getattr(self.get_queryset(), name)(*args, **kwargs)\n           ^^^^^^^^^^^^^^^^^^^^^^^^^^^^^^^^^^^^^^^^^^^^^^^^^^^\n  File \"D:\\Teach\\Python\\venv_dj\\Lib\\site-packages\\django\\db\\models\\query.py\", line 1421, in filter\n    return self._filter_or_exclude(False, args, kwargs)\n           ^^^^^^^^^^^^^^^^^^^^^^^^^^^^^^^^^^^^^^^^^^^^\n  File \"D:\\Teach\\Python\\venv_dj\\Lib\\site-packages\\django\\db\\models\\query.py\", line 1439, in _filter_or_exclude\n    clone._filter_or_exclude_inplace(negate, args, kwargs)\n  File \"D:\\Teach\\Python\\venv_dj\\Lib\\site-packages\\django\\db\\models\\query.py\", line 1446, in _filter_or_exclude_inplace\n    self._query.add_q(Q(*args, **kwargs))\n  File \"D:\\Teach\\Python\\venv_dj\\Lib\\site-packages\\django\\db\\models\\sql\\query.py\", line 1532, in add_q\n    clause, _ = self._add_q(q_object, self.used_aliases)\n                ^^^^^^^^^^^^^^^^^^^^^^^^^^^^^^^^^^^^^^^^\n  File \"D:\\Teach\\Python\\venv_dj\\Lib\\site-packages\\django\\db\\models\\sql\\query.py\", line 1562, in _add_q\n    child_clause, needed_inner = self.build_filter(\n                                 ^^^^^^^^^^^^^^^^^^\n  File \"D:\\Teach\\Python\\venv_dj\\Lib\\site-packages\\django\\db\\models\\sql\\query.py\", line 1407, in build_filter\n    lookups, parts, reffed_expression = self.solve_lookup_type(arg)\n                                        ^^^^^^^^^^^^^^^^^^^^^^^^^^^\n  File \"D:\\Teach\\Python\\venv_dj\\Lib\\site-packages\\django\\db\\models\\sql\\query.py\", line 1217, in solve_lookup_type\n    _, field, _, lookup_parts = self.names_to_path(lookup_splitted, self.get_meta())\n                                ^^^^^^^^^^^^^^^^^^^^^^^^^^^^^^^^^^^^^^^^^^^^^^^^^^^^\n  File \"D:\\Teach\\Python\\venv_dj\\Lib\\site-packages\\django\\db\\models\\sql\\query.py\", line 1709, in names_to_path\n    raise FieldError(\n"}}, {"model": "django_apscheduler.djangojobexecution", "pk": 11, "fields": {"job": "my_job", "status": "Error!", "run_time": "2023-06-26T07:03:00Z", "duration": "0.39", "finished": "1687762980.39", "exception": "Cannot resolve keyword 'time_create_gte' into field. Choices are: author, author_id, category, comment, content, heading, id, postcategory, property, rate, time_create", "traceback": "  File \"D:\\Teach\\Python\\venv_dj\\Lib\\site-packages\\apscheduler\\executors\\base.py\", line 125, in run_job\n    retval = job.func(*job.args, **job.kwargs)\n             ^^^^^^^^^^^^^^^^^^^^^^^^^^^^^^^^^\n  File \"D:\\Teach\\Python\\Projects\\NewsPaper\\news\\management\\commands\\runapscheduler.py\", line 25, in my_job\n    articles = Post.objects.filter(time_create_gte=last_week)\n               ^^^^^^^^^^^^^^^^^^^^^^^^^^^^^^^^^^^^^^^^^^^^^^\n  File \"D:\\Teach\\Python\\venv_dj\\Lib\\site-packages\\django\\db\\models\\manager.py\", line 85, in manager_method\n    return getattr(self.get_queryset(), name)(*args, **kwargs)\n           ^^^^^^^^^^^^^^^^^^^^^^^^^^^^^^^^^^^^^^^^^^^^^^^^^^^\n  File \"D:\\Teach\\Python\\venv_dj\\Lib\\site-packages\\django\\db\\models\\query.py\", line 1421, in filter\n    return self._filter_or_exclude(False, args, kwargs)\n           ^^^^^^^^^^^^^^^^^^^^^^^^^^^^^^^^^^^^^^^^^^^^\n  File \"D:\\Teach\\Python\\venv_dj\\Lib\\site-packages\\django\\db\\models\\query.py\", line 1439, in _filter_or_exclude\n    clone._filter_or_exclude_inplace(negate, args, kwargs)\n  File \"D:\\Teach\\Python\\venv_dj\\Lib\\site-packages\\django\\db\\models\\query.py\", line 1446, in _filter_or_exclude_inplace\n    self._query.add_q(Q(*args, **kwargs))\n  File \"D:\\Teach\\Python\\venv_dj\\Lib\\site-packages\\django\\db\\models\\sql\\query.py\", line 1532, in add_q\n    clause, _ = self._add_q(q_object, self.used_aliases)\n                ^^^^^^^^^^^^^^^^^^^^^^^^^^^^^^^^^^^^^^^^\n  File \"D:\\Teach\\Python\\venv_dj\\Lib\\site-packages\\django\\db\\models\\sql\\query.py\", line 1562, in _add_q\n    child_clause, needed_inner = self.build_filter(\n                                 ^^^^^^^^^^^^^^^^^^\n  File \"D:\\Teach\\Python\\venv_dj\\Lib\\site-packages\\django\\db\\models\\sql\\query.py\", line 1407, in build_filter\n    lookups, parts, reffed_expression = self.solve_lookup_type(arg)\n                                        ^^^^^^^^^^^^^^^^^^^^^^^^^^^\n  File \"D:\\Teach\\Python\\venv_dj\\Lib\\site-packages\\django\\db\\models\\sql\\query.py\", line 1217, in solve_lookup_type\n    _, field, _, lookup_parts = self.names_to_path(lookup_splitted, self.get_meta())\n                                ^^^^^^^^^^^^^^^^^^^^^^^^^^^^^^^^^^^^^^^^^^^^^^^^^^^^\n  File \"D:\\Teach\\Python\\venv_dj\\Lib\\site-packages\\django\\db\\models\\sql\\query.py\", line 1709, in names_to_path\n    raise FieldError(\n"}}, {"model": "django_apscheduler.djangojobexecution", "pk": 12, "fields": {"job": "my_job", "status": "Error!", "run_time": "2023-06-26T07:03:10Z", "duration": "0.39", "finished": "1687762990.39", "exception": "Cannot resolve keyword 'time_create_gte' into field. Choices are: author, author_id, category, comment, content, heading, id, postcategory, property, rate, time_create", "traceback": "  File \"D:\\Teach\\Python\\venv_dj\\Lib\\site-packages\\apscheduler\\executors\\base.py\", line 125, in run_job\n    retval = job.func(*job.args, **job.kwargs)\n             ^^^^^^^^^^^^^^^^^^^^^^^^^^^^^^^^^\n  File \"D:\\Teach\\Python\\Projects\\NewsPaper\\news\\management\\commands\\runapscheduler.py\", line 25, in my_job\n    articles = Post.objects.filter(time_create_gte=last_week)\n               ^^^^^^^^^^^^^^^^^^^^^^^^^^^^^^^^^^^^^^^^^^^^^^\n  File \"D:\\Teach\\Python\\venv_dj\\Lib\\site-packages\\django\\db\\models\\manager.py\", line 85, in manager_method\n    return getattr(self.get_queryset(), name)(*args, **kwargs)\n           ^^^^^^^^^^^^^^^^^^^^^^^^^^^^^^^^^^^^^^^^^^^^^^^^^^^\n  File \"D:\\Teach\\Python\\venv_dj\\Lib\\site-packages\\django\\db\\models\\query.py\", line 1421, in filter\n    return self._filter_or_exclude(False, args, kwargs)\n           ^^^^^^^^^^^^^^^^^^^^^^^^^^^^^^^^^^^^^^^^^^^^\n  File \"D:\\Teach\\Python\\venv_dj\\Lib\\site-packages\\django\\db\\models\\query.py\", line 1439, in _filter_or_exclude\n    clone._filter_or_exclude_inplace(negate, args, kwargs)\n  File \"D:\\Teach\\Python\\venv_dj\\Lib\\site-packages\\django\\db\\models\\query.py\", line 1446, in _filter_or_exclude_inplace\n    self._query.add_q(Q(*args, **kwargs))\n  File \"D:\\Teach\\Python\\venv_dj\\Lib\\site-packages\\django\\db\\models\\sql\\query.py\", line 1532, in add_q\n    clause, _ = self._add_q(q_object, self.used_aliases)\n                ^^^^^^^^^^^^^^^^^^^^^^^^^^^^^^^^^^^^^^^^\n  File \"D:\\Teach\\Python\\venv_dj\\Lib\\site-packages\\django\\db\\models\\sql\\query.py\", line 1562, in _add_q\n    child_clause, needed_inner = self.build_filter(\n                                 ^^^^^^^^^^^^^^^^^^\n  File \"D:\\Teach\\Python\\venv_dj\\Lib\\site-packages\\django\\db\\models\\sql\\query.py\", line 1407, in build_filter\n    lookups, parts, reffed_expression = self.solve_lookup_type(arg)\n                                        ^^^^^^^^^^^^^^^^^^^^^^^^^^^\n  File \"D:\\Teach\\Python\\venv_dj\\Lib\\site-packages\\django\\db\\models\\sql\\query.py\", line 1217, in solve_lookup_type\n    _, field, _, lookup_parts = self.names_to_path(lookup_splitted, self.get_meta())\n                                ^^^^^^^^^^^^^^^^^^^^^^^^^^^^^^^^^^^^^^^^^^^^^^^^^^^^\n  File \"D:\\Teach\\Python\\venv_dj\\Lib\\site-packages\\django\\db\\models\\sql\\query.py\", line 1709, in names_to_path\n    raise FieldError(\n"}}, {"model": "django_apscheduler.djangojobexecution", "pk": 13, "fields": {"job": "my_job", "status": "Error!", "run_time": "2023-06-26T07:03:20Z", "duration": "0.42", "finished": "1687763000.42", "exception": "Cannot resolve keyword 'time_create_gte' into field. Choices are: author, author_id, category, comment, content, heading, id, postcategory, property, rate, time_create", "traceback": "  File \"D:\\Teach\\Python\\venv_dj\\Lib\\site-packages\\apscheduler\\executors\\base.py\", line 125, in run_job\n    retval = job.func(*job.args, **job.kwargs)\n             ^^^^^^^^^^^^^^^^^^^^^^^^^^^^^^^^^\n  File \"D:\\Teach\\Python\\Projects\\NewsPaper\\news\\management\\commands\\runapscheduler.py\", line 25, in my_job\n    articles = Post.objects.filter(time_create_gte=last_week)\n               ^^^^^^^^^^^^^^^^^^^^^^^^^^^^^^^^^^^^^^^^^^^^^^\n  File \"D:\\Teach\\Python\\venv_dj\\Lib\\site-packages\\django\\db\\models\\manager.py\", line 85, in manager_method\n    return getattr(self.get_queryset(), name)(*args, **kwargs)\n           ^^^^^^^^^^^^^^^^^^^^^^^^^^^^^^^^^^^^^^^^^^^^^^^^^^^\n  File \"D:\\Teach\\Python\\venv_dj\\Lib\\site-packages\\django\\db\\models\\query.py\", line 1421, in filter\n    return self._filter_or_exclude(False, args, kwargs)\n           ^^^^^^^^^^^^^^^^^^^^^^^^^^^^^^^^^^^^^^^^^^^^\n  File \"D:\\Teach\\Python\\venv_dj\\Lib\\site-packages\\django\\db\\models\\query.py\", line 1439, in _filter_or_exclude\n    clone._filter_or_exclude_inplace(negate, args, kwargs)\n  File \"D:\\Teach\\Python\\venv_dj\\Lib\\site-packages\\django\\db\\models\\query.py\", line 1446, in _filter_or_exclude_inplace\n    self._query.add_q(Q(*args, **kwargs))\n  File \"D:\\Teach\\Python\\venv_dj\\Lib\\site-packages\\django\\db\\models\\sql\\query.py\", line 1532, in add_q\n    clause, _ = self._add_q(q_object, self.used_aliases)\n                ^^^^^^^^^^^^^^^^^^^^^^^^^^^^^^^^^^^^^^^^\n  File \"D:\\Teach\\Python\\venv_dj\\Lib\\site-packages\\django\\db\\models\\sql\\query.py\", line 1562, in _add_q\n    child_clause, needed_inner = self.build_filter(\n                                 ^^^^^^^^^^^^^^^^^^\n  File \"D:\\Teach\\Python\\venv_dj\\Lib\\site-packages\\django\\db\\models\\sql\\query.py\", line 1407, in build_filter\n    lookups, parts, reffed_expression = self.solve_lookup_type(arg)\n                                        ^^^^^^^^^^^^^^^^^^^^^^^^^^^\n  File \"D:\\Teach\\Python\\venv_dj\\Lib\\site-packages\\django\\db\\models\\sql\\query.py\", line 1217, in solve_lookup_type\n    _, field, _, lookup_parts = self.names_to_path(lookup_splitted, self.get_meta())\n                                ^^^^^^^^^^^^^^^^^^^^^^^^^^^^^^^^^^^^^^^^^^^^^^^^^^^^\n  File \"D:\\Teach\\Python\\venv_dj\\Lib\\site-packages\\django\\db\\models\\sql\\query.py\", line 1709, in names_to_path\n    raise FieldError(\n"}}, {"model": "django_apscheduler.djangojobexecution", "pk": 14, "fields": {"job": "my_job", "status": "Error!", "run_time": "2023-06-26T07:03:30Z", "duration": "0.40", "finished": "1687763010.40", "exception": "Cannot resolve keyword 'time_create_gte' into field. Choices are: author, author_id, category, comment, content, heading, id, postcategory, property, rate, time_create", "traceback": "  File \"D:\\Teach\\Python\\venv_dj\\Lib\\site-packages\\apscheduler\\executors\\base.py\", line 125, in run_job\n    retval = job.func(*job.args, **job.kwargs)\n             ^^^^^^^^^^^^^^^^^^^^^^^^^^^^^^^^^\n  File \"D:\\Teach\\Python\\Projects\\NewsPaper\\news\\management\\commands\\runapscheduler.py\", line 25, in my_job\n    articles = Post.objects.filter(time_create__gte=last_week)\n               ^^^^^^^^^^^^^^^^^^^^^^^^^^^^^^^^^^^^^^^^^^^^^^\n  File \"D:\\Teach\\Python\\venv_dj\\Lib\\site-packages\\django\\db\\models\\manager.py\", line 85, in manager_method\n    return getattr(self.get_queryset(), name)(*args, **kwargs)\n           ^^^^^^^^^^^^^^^^^^^^^^^^^^^^^^^^^^^^^^^^^^^^^^^^^^^\n  File \"D:\\Teach\\Python\\venv_dj\\Lib\\site-packages\\django\\db\\models\\query.py\", line 1421, in filter\n    return self._filter_or_exclude(False, args, kwargs)\n           ^^^^^^^^^^^^^^^^^^^^^^^^^^^^^^^^^^^^^^^^^^^^\n  File \"D:\\Teach\\Python\\venv_dj\\Lib\\site-packages\\django\\db\\models\\query.py\", line 1439, in _filter_or_exclude\n    clone._filter_or_exclude_inplace(negate, args, kwargs)\n  File \"D:\\Teach\\Python\\venv_dj\\Lib\\site-packages\\django\\db\\models\\query.py\", line 1446, in _filter_or_exclude_inplace\n    self._query.add_q(Q(*args, **kwargs))\n  File \"D:\\Teach\\Python\\venv_dj\\Lib\\site-packages\\django\\db\\models\\sql\\query.py\", line 1532, in add_q\n    clause, _ = self._add_q(q_object, self.used_aliases)\n                ^^^^^^^^^^^^^^^^^^^^^^^^^^^^^^^^^^^^^^^^\n  File \"D:\\Teach\\Python\\venv_dj\\Lib\\site-packages\\django\\db\\models\\sql\\query.py\", line 1562, in _add_q\n    child_clause, needed_inner = self.build_filter(\n                                 ^^^^^^^^^^^^^^^^^^\n  File \"D:\\Teach\\Python\\venv_dj\\Lib\\site-packages\\django\\db\\models\\sql\\query.py\", line 1407, in build_filter\n    lookups, parts, reffed_expression = self.solve_lookup_type(arg)\n                                        ^^^^^^^^^^^^^^^^^^^^^^^^^^^\n  File \"D:\\Teach\\Python\\venv_dj\\Lib\\site-packages\\django\\db\\models\\sql\\query.py\", line 1217, in solve_lookup_type\n    _, field, _, lookup_parts = self.names_to_path(lookup_splitted, self.get_meta())\n                                ^^^^^^^^^^^^^^^^^^^^^^^^^^^^^^^^^^^^^^^^^^^^^^^^^^^^\n  File \"D:\\Teach\\Python\\venv_dj\\Lib\\site-packages\\django\\db\\models\\sql\\query.py\", line 1709, in names_to_path\n    raise FieldError(\n"}}, {"model": "django_apscheduler.djangojobexecution", "pk": 15, "fields": {"job": "my_job", "status": "Error!", "run_time": "2023-06-26T07:03:50Z", "duration": "0.29", "finished": "1687763030.29", "exception": "'QuerySet' object has no attribute 'value_list'", "traceback": "  File \"D:\\Teach\\Python\\venv_dj\\Lib\\site-packages\\apscheduler\\executors\\base.py\", line 125, in run_job\n    retval = job.func(*job.args, **job.kwargs)\n             ^^^^^^^^^^^^^^^^^^^^^^^^^^^^^^^^^\n  File \"D:\\Teach\\Python\\Projects\\NewsPaper\\news\\management\\commands\\runapscheduler.py\", line 27, in my_job\n    subs = set(Category.objects.filter(name__in=categories).value_list('subscribers__email', flat=True))\n               ^^^^^^^^^^^^^^^^^^^^^^^^^^^^^^^^^^^^^^^^^^^^^^^^^^^^^^^\n"}}, {"model": "django_apscheduler.djangojobexecution", "pk": 16, "fields": {"job": "my_job", "status": "Error!", "run_time": "2023-06-26T07:04:00Z", "duration": "0.30", "finished": "1687763040.30", "exception": "'QuerySet' object has no attribute 'value_list'", "traceback": "  File \"D:\\Teach\\Python\\venv_dj\\Lib\\site-packages\\apscheduler\\executors\\base.py\", line 125, in run_job\n    retval = job.func(*job.args, **job.kwargs)\n             ^^^^^^^^^^^^^^^^^^^^^^^^^^^^^^^^^\n  File \"D:\\Teach\\Python\\Projects\\NewsPaper\\news\\management\\commands\\runapscheduler.py\", line 27, in my_job\n    subs = set(Category.objects.filter(name__in=categories).value_list('subscribers__email', flat=True))\n               ^^^^^^^^^^^^^^^^^^^^^^^^^^^^^^^^^^^^^^^^^^^^^^^^^^^^^^^\n"}}, {"model": "django_apscheduler.djangojobexecution", "pk": 17, "fields": {"job": "my_job", "status": "Error!", "run_time": "2023-06-26T07:04:10Z", "duration": "0.27", "finished": "1687763050.27", "exception": "'QuerySet' object has no attribute 'value_list'", "traceback": "  File \"D:\\Teach\\Python\\venv_dj\\Lib\\site-packages\\apscheduler\\executors\\base.py\", line 125, in run_job\n    retval = job.func(*job.args, **job.kwargs)\n             ^^^^^^^^^^^^^^^^^^^^^^^^^^^^^^^^^\n  File \"D:\\Teach\\Python\\Projects\\NewsPaper\\news\\management\\commands\\runapscheduler.py\", line 27, in my_job\n    subs = set(Category.objects.filter(name__in=categories).value_list('subscribers__email', flat=True))\n               ^^^^^^^^^^^^^^^^^^^^^^^^^^^^^^^^^^^^^^^^^^^^^^^^^^^^^^^\n"}}, {"model": "django_apscheduler.djangojobexecution", "pk": 18, "fields": {"job": "my_job", "status": "Error!", "run_time": "2023-06-26T07:04:20Z", "duration": "0.25", "finished": "1687763060.25", "exception": "'QuerySet' object has no attribute 'value_list'", "traceback": "  File \"D:\\Teach\\Python\\venv_dj\\Lib\\site-packages\\apscheduler\\executors\\base.py\", line 125, in run_job\n    retval = job.func(*job.args, **job.kwargs)\n             ^^^^^^^^^^^^^^^^^^^^^^^^^^^^^^^^^\n  File \"D:\\Teach\\Python\\Projects\\NewsPaper\\news\\management\\commands\\runapscheduler.py\", line 27, in my_job\n    subs = set(Category.objects.filter(name__in=categories).value_list('subscribers__email', flat=True))\n               ^^^^^^^^^^^^^^^^^^^^^^^^^^^^^^^^^^^^^^^^^^^^^^^^^^^^^^^\n"}}, {"model": "django_apscheduler.djangojobexecution", "pk": 19, "fields": {"job": "my_job", "status": "Error!", "run_time": "2023-06-26T07:04:30Z", "duration": "0.27", "finished": "1687763070.27", "exception": "'QuerySet' object has no attribute 'value_list'", "traceback": "  File \"D:\\Teach\\Python\\venv_dj\\Lib\\site-packages\\apscheduler\\executors\\base.py\", line 125, in run_job\n    retval = job.func(*job.args, **job.kwargs)\n             ^^^^^^^^^^^^^^^^^^^^^^^^^^^^^^^^^\n  File \"D:\\Teach\\Python\\Projects\\NewsPaper\\news\\management\\commands\\runapscheduler.py\", line 27, in my_job\n    subs = set(Category.objects.filter(name__in=categories).value_list('subscribers__email', flat=True))\n               ^^^^^^^^^^^^^^^^^^^^^^^^^^^^^^^^^^^^^^^^^^^^^^^^^^^^^^^\n"}}, {"model": "django_apscheduler.djangojobexecution", "pk": 20, "fields": {"job": "my_job", "status": "Error!", "run_time": "2023-06-26T07:04:40Z", "duration": "0.27", "finished": "1687763080.27", "exception": "'QuerySet' object has no attribute 'value_list'", "traceback": "  File \"D:\\Teach\\Python\\venv_dj\\Lib\\site-packages\\apscheduler\\executors\\base.py\", line 125, in run_job\n    retval = job.func(*job.args, **job.kwargs)\n             ^^^^^^^^^^^^^^^^^^^^^^^^^^^^^^^^^\n  File \"D:\\Teach\\Python\\Projects\\NewsPaper\\news\\management\\commands\\runapscheduler.py\", line 27, in my_job\n    subs = set(Category.objects.filter(name__in=categories).value_list('subscribers__email', flat=True))\n               ^^^^^^^^^^^^^^^^^^^^^^^^^^^^^^^^^^^^^^^^^^^^^^^^^^^^^^^\n"}}, {"model": "django_apscheduler.djangojobexecution", "pk": 21, "fields": {"job": "my_job", "status": "Error!", "run_time": "2023-06-26T07:04:50Z", "duration": "0.27", "finished": "1687763090.27", "exception": "'QuerySet' object has no attribute 'value_list'", "traceback": "  File \"D:\\Teach\\Python\\venv_dj\\Lib\\site-packages\\apscheduler\\executors\\base.py\", line 125, in run_job\n    retval = job.func(*job.args, **job.kwargs)\n             ^^^^^^^^^^^^^^^^^^^^^^^^^^^^^^^^^\n  File \"D:\\Teach\\Python\\Projects\\NewsPaper\\news\\management\\commands\\runapscheduler.py\", line 27, in my_job\n    subs = set(Category.objects.filter(name__in=categories).value_list('subscribers__email', flat=True))\n               ^^^^^^^^^^^^^^^^^^^^^^^^^^^^^^^^^^^^^^^^^^^^^^^^^^^^^^^\n"}}, {"model": "django_apscheduler.djangojobexecution", "pk": 22, "fields": {"job": "my_job", "status": "Error!", "run_time": "2023-06-26T07:05:00Z", "duration": "0.23", "finished": "1687763100.23", "exception": "'QuerySet' object has no attribute 'value_list'", "traceback": "  File \"D:\\Teach\\Python\\venv_dj\\Lib\\site-packages\\apscheduler\\executors\\base.py\", line 125, in run_job\n    retval = job.func(*job.args, **job.kwargs)\n             ^^^^^^^^^^^^^^^^^^^^^^^^^^^^^^^^^\n  File \"D:\\Teach\\Python\\Projects\\NewsPaper\\news\\management\\commands\\runapscheduler.py\", line 27, in my_job\n    subs = set(Category.objects.filter(name__in=categories).value_list('subscribers__email', flat=True))\n               ^^^^^^^^^^^^^^^^^^^^^^^^^^^^^^^^^^^^^^^^^^^^^^^^^^^^^^^\n"}}, {"model": "django_apscheduler.djangojobexecution", "pk": 23, "fields": {"job": "my_job", "status": "Error!", "run_time": "2023-06-26T07:05:10Z", "duration": "0.24", "finished": "1687763110.24", "exception": "'QuerySet' object has no attribute 'value_list'", "traceback": "  File \"D:\\Teach\\Python\\venv_dj\\Lib\\site-packages\\apscheduler\\executors\\base.py\", line 125, in run_job\n    retval = job.func(*job.args, **job.kwargs)\n             ^^^^^^^^^^^^^^^^^^^^^^^^^^^^^^^^^\n  File \"D:\\Teach\\Python\\Projects\\NewsPaper\\news\\management\\commands\\runapscheduler.py\", line 27, in my_job\n    subs = set(Category.objects.filter(name__in=categories).value_list('subscribers__email', flat=True))\n               ^^^^^^^^^^^^^^^^^^^^^^^^^^^^^^^^^^^^^^^^^^^^^^^^^^^^^^^\n"}}, {"model": "django_apscheduler.djangojobexecution", "pk": 24, "fields": {"job": "my_job", "status": "Error!", "run_time": "2023-06-26T07:05:20Z", "duration": "0.25", "finished": "1687763120.25", "exception": "'QuerySet' object has no attribute 'value_list'", "traceback": "  File \"D:\\Teach\\Python\\venv_dj\\Lib\\site-packages\\apscheduler\\executors\\base.py\", line 125, in run_job\n    retval = job.func(*job.args, **job.kwargs)\n             ^^^^^^^^^^^^^^^^^^^^^^^^^^^^^^^^^\n  File \"D:\\Teach\\Python\\Projects\\NewsPaper\\news\\management\\commands\\runapscheduler.py\", line 27, in my_job\n    subs = set(Category.objects.filter(name__in=categories).value_list('subscribers__email', flat=True))\n               ^^^^^^^^^^^^^^^^^^^^^^^^^^^^^^^^^^^^^^^^^^^^^^^^^^^^^^^\n"}}, {"model": "django_apscheduler.djangojobexecution", "pk": 25, "fields": {"job": "my_job", "status": "Error!", "run_time": "2023-06-26T07:05:30Z", "duration": "0.24", "finished": "1687763130.24", "exception": "'QuerySet' object has no attribute 'value_list'", "traceback": "  File \"D:\\Teach\\Python\\venv_dj\\Lib\\site-packages\\apscheduler\\executors\\base.py\", line 125, in run_job\n    retval = job.func(*job.args, **job.kwargs)\n             ^^^^^^^^^^^^^^^^^^^^^^^^^^^^^^^^^\n  File \"D:\\Teach\\Python\\Projects\\NewsPaper\\news\\management\\commands\\runapscheduler.py\", line 27, in my_job\n    subs = set(Category.objects.filter(name__in=categories).value_list('subscribers__email', flat=True))\n               ^^^^^^^^^^^^^^^^^^^^^^^^^^^^^^^^^^^^^^^^^^^^^^^^^^^^^^^\n"}}, {"model": "django_apscheduler.djangojobexecution", "pk": 26, "fields": {"job": "my_job", "status": "Error!", "run_time": "2023-06-26T07:05:40Z", "duration": "0.26", "finished": "1687763140.26", "exception": "'QuerySet' object has no attribute 'value_list'", "traceback": "  File \"D:\\Teach\\Python\\venv_dj\\Lib\\site-packages\\apscheduler\\executors\\base.py\", line 125, in run_job\n    retval = job.func(*job.args, **job.kwargs)\n             ^^^^^^^^^^^^^^^^^^^^^^^^^^^^^^^^^\n  File \"D:\\Teach\\Python\\Projects\\NewsPaper\\news\\management\\commands\\runapscheduler.py\", line 27, in my_job\n    subs = set(Category.objects.filter(name__in=categories).value_list('subscribers__email', flat=True))\n               ^^^^^^^^^^^^^^^^^^^^^^^^^^^^^^^^^^^^^^^^^^^^^^^^^^^^^^^\n"}}, {"model": "django_apscheduler.djangojobexecution", "pk": 27, "fields": {"job": "my_job", "status": "Error!", "run_time": "2023-06-26T07:05:50Z", "duration": "0.26", "finished": "1687763150.26", "exception": "'QuerySet' object has no attribute 'value_list'", "traceback": "  File \"D:\\Teach\\Python\\venv_dj\\Lib\\site-packages\\apscheduler\\executors\\base.py\", line 125, in run_job\n    retval = job.func(*job.args, **job.kwargs)\n             ^^^^^^^^^^^^^^^^^^^^^^^^^^^^^^^^^\n  File \"D:\\Teach\\Python\\Projects\\NewsPaper\\news\\management\\commands\\runapscheduler.py\", line 27, in my_job\n    subs = set(Category.objects.filter(name__in=categories).value_list('subscribers__email', flat=True))\n               ^^^^^^^^^^^^^^^^^^^^^^^^^^^^^^^^^^^^^^^^^^^^^^^^^^^^^^^\n"}}, {"model": "django_apscheduler.djangojobexecution", "pk": 28, "fields": {"job": "my_job", "status": "Error!", "run_time": "2023-06-26T07:06:00Z", "duration": "0.27", "finished": "1687763160.27", "exception": "'QuerySet' object has no attribute 'value_list'", "traceback": "  File \"D:\\Teach\\Python\\venv_dj\\Lib\\site-packages\\apscheduler\\executors\\base.py\", line 125, in run_job\n    retval = job.func(*job.args, **job.kwargs)\n             ^^^^^^^^^^^^^^^^^^^^^^^^^^^^^^^^^\n  File \"D:\\Teach\\Python\\Projects\\NewsPaper\\news\\management\\commands\\runapscheduler.py\", line 27, in my_job\n    subs = set(Category.objects.filter(name__in=categories).value_list('subscribers__email', flat=True))\n               ^^^^^^^^^^^^^^^^^^^^^^^^^^^^^^^^^^^^^^^^^^^^^^^^^^^^^^^\n"}}, {"model": "django_apscheduler.djangojobexecution", "pk": 29, "fields": {"job": "my_job", "status": "Error!", "run_time": "2023-06-26T07:06:10Z", "duration": "0.24", "finished": "1687763170.24", "exception": "'QuerySet' object has no attribute 'value_list'", "traceback": "  File \"D:\\Teach\\Python\\venv_dj\\Lib\\site-packages\\apscheduler\\executors\\base.py\", line 125, in run_job\n    retval = job.func(*job.args, **job.kwargs)\n             ^^^^^^^^^^^^^^^^^^^^^^^^^^^^^^^^^\n  File \"D:\\Teach\\Python\\Projects\\NewsPaper\\news\\management\\commands\\runapscheduler.py\", line 27, in my_job\n    subs = set(Category.objects.filter(name__in=categories).value_list('subscribers__email', flat=True))\n               ^^^^^^^^^^^^^^^^^^^^^^^^^^^^^^^^^^^^^^^^^^^^^^^^^^^^^^^\n"}}, {"model": "django_apscheduler.djangojobexecution", "pk": 30, "fields": {"job": "my_job", "status": "Error!", "run_time": "2023-06-26T07:06:20Z", "duration": "0.26", "finished": "1687763180.26", "exception": "'QuerySet' object has no attribute 'value_list'", "traceback": "  File \"D:\\Teach\\Python\\venv_dj\\Lib\\site-packages\\apscheduler\\executors\\base.py\", line 125, in run_job\n    retval = job.func(*job.args, **job.kwargs)\n             ^^^^^^^^^^^^^^^^^^^^^^^^^^^^^^^^^\n  File \"D:\\Teach\\Python\\Projects\\NewsPaper\\news\\management\\commands\\runapscheduler.py\", line 27, in my_job\n    subs = set(Category.objects.filter(name__in=categories).value_list('subscribers__email', flat=True))\n               ^^^^^^^^^^^^^^^^^^^^^^^^^^^^^^^^^^^^^^^^^^^^^^^^^^^^^^^\n"}}, {"model": "django_apscheduler.djangojobexecution", "pk": 31, "fields": {"job": "my_job", "status": "Error!", "run_time": "2023-06-26T07:06:30Z", "duration": "0.25", "finished": "1687763190.25", "exception": "'QuerySet' object has no attribute 'value_list'", "traceback": "  File \"D:\\Teach\\Python\\venv_dj\\Lib\\site-packages\\apscheduler\\executors\\base.py\", line 125, in run_job\n    retval = job.func(*job.args, **job.kwargs)\n             ^^^^^^^^^^^^^^^^^^^^^^^^^^^^^^^^^\n  File \"D:\\Teach\\Python\\Projects\\NewsPaper\\news\\management\\commands\\runapscheduler.py\", line 27, in my_job\n    subs = set(Category.objects.filter(name__in=categories).value_list('subscribers__email', flat=True))\n               ^^^^^^^^^^^^^^^^^^^^^^^^^^^^^^^^^^^^^^^^^^^^^^^^^^^^^^^\n"}}, {"model": "django_apscheduler.djangojobexecution", "pk": 32, "fields": {"job": "my_job", "status": "Error!", "run_time": "2023-06-26T07:06:40Z", "duration": "0.24", "finished": "1687763200.24", "exception": "'QuerySet' object has no attribute 'value_list'", "traceback": "  File \"D:\\Teach\\Python\\venv_dj\\Lib\\site-packages\\apscheduler\\executors\\base.py\", line 125, in run_job\n    retval = job.func(*job.args, **job.kwargs)\n             ^^^^^^^^^^^^^^^^^^^^^^^^^^^^^^^^^\n  File \"D:\\Teach\\Python\\Projects\\NewsPaper\\news\\management\\commands\\runapscheduler.py\", line 27, in my_job\n    subs = set(Category.objects.filter(name__in=categories).value_list('subscribers__email', flat=True))\n               ^^^^^^^^^^^^^^^^^^^^^^^^^^^^^^^^^^^^^^^^^^^^^^^^^^^^^^^\n"}}, {"model": "django_apscheduler.djangojobexecution", "pk": 33, "fields": {"job": "my_job", "status": "Error!", "run_time": "2023-06-26T07:06:50Z", "duration": "0.25", "finished": "1687763210.25", "exception": "'QuerySet' object has no attribute 'value_list'", "traceback": "  File \"D:\\Teach\\Python\\venv_dj\\Lib\\site-packages\\apscheduler\\executors\\base.py\", line 125, in run_job\n    retval = job.func(*job.args, **job.kwargs)\n             ^^^^^^^^^^^^^^^^^^^^^^^^^^^^^^^^^\n  File \"D:\\Teach\\Python\\Projects\\NewsPaper\\news\\management\\commands\\runapscheduler.py\", line 27, in my_job\n    subs = set(Category.objects.filter(name__in=categories).value_list('subscribers__email', flat=True))\n               ^^^^^^^^^^^^^^^^^^^^^^^^^^^^^^^^^^^^^^^^^^^^^^^^^^^^^^^\n"}}, {"model": "django_apscheduler.djangojobexecution", "pk": 34, "fields": {"job": "my_job", "status": "Error!", "run_time": "2023-06-26T07:07:00Z", "duration": "0.24", "finished": "1687763220.24", "exception": "'QuerySet' object has no attribute 'value_list'", "traceback": "  File \"D:\\Teach\\Python\\venv_dj\\Lib\\site-packages\\apscheduler\\executors\\base.py\", line 125, in run_job\n    retval = job.func(*job.args, **job.kwargs)\n             ^^^^^^^^^^^^^^^^^^^^^^^^^^^^^^^^^\n  File \"D:\\Teach\\Python\\Projects\\NewsPaper\\news\\management\\commands\\runapscheduler.py\", line 27, in my_job\n    subs = set(Category.objects.filter(name__in=categories).value_list('subscribers__email', flat=True))\n               ^^^^^^^^^^^^^^^^^^^^^^^^^^^^^^^^^^^^^^^^^^^^^^^^^^^^^^^\n"}}, {"model": "django_apscheduler.djangojobexecution", "pk": 35, "fields": {"job": "my_job", "status": "Error!", "run_time": "2023-06-26T07:07:10Z", "duration": "0.25", "finished": "1687763230.25", "exception": "'QuerySet' object has no attribute 'value_list'", "traceback": "  File \"D:\\Teach\\Python\\venv_dj\\Lib\\site-packages\\apscheduler\\executors\\base.py\", line 125, in run_job\n    retval = job.func(*job.args, **job.kwargs)\n             ^^^^^^^^^^^^^^^^^^^^^^^^^^^^^^^^^\n  File \"D:\\Teach\\Python\\Projects\\NewsPaper\\news\\management\\commands\\runapscheduler.py\", line 27, in my_job\n    subs = set(Category.objects.filter(name__in=categories).value_list('subscribers__email', flat=True))\n               ^^^^^^^^^^^^^^^^^^^^^^^^^^^^^^^^^^^^^^^^^^^^^^^^^^^^^^^\n"}}, {"model": "django_apscheduler.djangojobexecution", "pk": 36, "fields": {"job": "my_job", "status": "Error!", "run_time": "2023-06-26T07:07:20Z", "duration": "0.25", "finished": "1687763240.25", "exception": "'QuerySet' object has no attribute 'value_list'", "traceback": "  File \"D:\\Teach\\Python\\venv_dj\\Lib\\site-packages\\apscheduler\\executors\\base.py\", line 125, in run_job\n    retval = job.func(*job.args, **job.kwargs)\n             ^^^^^^^^^^^^^^^^^^^^^^^^^^^^^^^^^\n  File \"D:\\Teach\\Python\\Projects\\NewsPaper\\news\\management\\commands\\runapscheduler.py\", line 27, in my_job\n    subs = set(Category.objects.filter(name__in=categories).value_list('subscribers__email', flat=True))\n               ^^^^^^^^^^^^^^^^^^^^^^^^^^^^^^^^^^^^^^^^^^^^^^^^^^^^^^^\n"}}, {"model": "django_apscheduler.djangojobexecution", "pk": 37, "fields": {"job": "my_job", "status": "Error!", "run_time": "2023-06-26T07:07:30Z", "duration": "0.28", "finished": "1687763250.28", "exception": "'QuerySet' object has no attribute 'value_list'", "traceback": "  File \"D:\\Teach\\Python\\venv_dj\\Lib\\site-packages\\apscheduler\\executors\\base.py\", line 125, in run_job\n    retval = job.func(*job.args, **job.kwargs)\n             ^^^^^^^^^^^^^^^^^^^^^^^^^^^^^^^^^\n  File \"D:\\Teach\\Python\\Projects\\NewsPaper\\news\\management\\commands\\runapscheduler.py\", line 27, in my_job\n    subs = set(Category.objects.filter(name__in=categories).value_list('subscribers__email', flat=True))\n               ^^^^^^^^^^^^^^^^^^^^^^^^^^^^^^^^^^^^^^^^^^^^^^^^^^^^^^^\n"}}, {"model": "django_apscheduler.djangojobexecution", "pk": 38, "fields": {"job": "my_job", "status": "Error!", "run_time": "2023-06-26T07:07:40Z", "duration": "0.24", "finished": "1687763260.24", "exception": "'QuerySet' object has no attribute 'value_list'", "traceback": "  File \"D:\\Teach\\Python\\venv_dj\\Lib\\site-packages\\apscheduler\\executors\\base.py\", line 125, in run_job\n    retval = job.func(*job.args, **job.kwargs)\n             ^^^^^^^^^^^^^^^^^^^^^^^^^^^^^^^^^\n  File \"D:\\Teach\\Python\\Projects\\NewsPaper\\news\\management\\commands\\runapscheduler.py\", line 27, in my_job\n    subs = set(Category.objects.filter(name__in=categories).value_list('subscribers__email', flat=True))\n               ^^^^^^^^^^^^^^^^^^^^^^^^^^^^^^^^^^^^^^^^^^^^^^^^^^^^^^^\n"}}, {"model": "django_apscheduler.djangojobexecution", "pk": 39, "fields": {"job": "my_job", "status": "Error!", "run_time": "2023-06-26T07:07:50Z", "duration": "0.26", "finished": "1687763270.26", "exception": "'QuerySet' object has no attribute 'value_list'", "traceback": "  File \"D:\\Teach\\Python\\venv_dj\\Lib\\site-packages\\apscheduler\\executors\\base.py\", line 125, in run_job\n    retval = job.func(*job.args, **job.kwargs)\n             ^^^^^^^^^^^^^^^^^^^^^^^^^^^^^^^^^\n  File \"D:\\Teach\\Python\\Projects\\NewsPaper\\news\\management\\commands\\runapscheduler.py\", line 27, in my_job\n    subs = set(Category.objects.filter(name__in=categories).value_list('subscribers__email', flat=True))\n               ^^^^^^^^^^^^^^^^^^^^^^^^^^^^^^^^^^^^^^^^^^^^^^^^^^^^^^^\n"}}, {"model": "django_apscheduler.djangojobexecution", "pk": 40, "fields": {"job": "my_job", "status": "Error!", "run_time": "2023-06-26T07:08:00Z", "duration": "0.28", "finished": "1687763280.28", "exception": "'QuerySet' object has no attribute 'value_list'", "traceback": "  File \"D:\\Teach\\Python\\venv_dj\\Lib\\site-packages\\apscheduler\\executors\\base.py\", line 125, in run_job\n    retval = job.func(*job.args, **job.kwargs)\n             ^^^^^^^^^^^^^^^^^^^^^^^^^^^^^^^^^\n  File \"D:\\Teach\\Python\\Projects\\NewsPaper\\news\\management\\commands\\runapscheduler.py\", line 27, in my_job\n    subs = set(Category.objects.filter(name__in=categories).value_list('subscribers__email', flat=True))\n               ^^^^^^^^^^^^^^^^^^^^^^^^^^^^^^^^^^^^^^^^^^^^^^^^^^^^^^^\n"}}, {"model": "django_apscheduler.djangojobexecution", "pk": 41, "fields": {"job": "my_job", "status": "Executed", "run_time": "2023-06-26T07:08:20Z", "duration": "16.88", "finished": "1687763316.88", "exception": null, "traceback": null}}, {"model": "django_apscheduler.djangojobexecution", "pk": 42, "fields": {"job": "my_job", "status": "Max instances!", "run_time": "2023-06-26T07:08:30Z", "duration": "0.37", "finished": "1687763310.37", "exception": "Execution of job 'my_job' skipped: maximum number of running instances reached!", "traceback": null}}, {"model": "django_apscheduler.djangojobexecution", "pk": 43, "fields": {"job": "my_job", "status": "Executed", "run_time": "2023-06-26T07:08:40Z", "duration": "1.02", "finished": "1687763321.02", "exception": null, "traceback": null}}, {"model": "django_apscheduler.djangojobexecution", "pk": 44, "fields": {"job": "my_job", "status": "Executed", "run_time": "2023-06-26T07:11:50Z", "duration": "16.92", "finished": "1687763526.92", "exception": null, "traceback": null}}, {"model": "django_apscheduler.djangojobexecution", "pk": 45, "fields": {"job": "my_job", "status": "Executed", "run_time": "2023-06-26T07:12:40Z", "duration": "16.62", "finished": "1687763576.62", "exception": null, "traceback": null}}, {"model": "django_apscheduler.djangojobexecution", "pk": 46, "fields": {"job": "my_job", "status": "Error!", "run_time": "2023-06-26T07:13:30Z", "duration": "0.02", "finished": "1687763610.02", "exception": "Unsupported lookup 'eq' for CharField or join on the field not permitted.", "traceback": "  File \"D:\\Teach\\Python\\venv_dj\\Lib\\site-packages\\apscheduler\\executors\\base.py\", line 125, in run_job\n    retval = job.func(*job.args, **job.kwargs)\n             ^^^^^^^^^^^^^^^^^^^^^^^^^^^^^^^^^\n  File \"D:\\Teach\\Python\\Projects\\NewsPaper\\news\\management\\commands\\runapscheduler.py\", line 25, in my_job\n    articles = Post.objects.filter(property__eq='A').filter(time_create__gte=last_week)\n               ^^^^^^^^^^^^^^^^^^^^^^^^^^^^^^^^^^^^^\n  File \"D:\\Teach\\Python\\venv_dj\\Lib\\site-packages\\django\\db\\models\\manager.py\", line 85, in manager_method\n    return getattr(self.get_queryset(), name)(*args, **kwargs)\n           ^^^^^^^^^^^^^^^^^^^^^^^^^^^^^^^^^^^^^^^^^^^^^^^^^^^\n  File \"D:\\Teach\\Python\\venv_dj\\Lib\\site-packages\\django\\db\\models\\query.py\", line 1421, in filter\n    return self._filter_or_exclude(False, args, kwargs)\n           ^^^^^^^^^^^^^^^^^^^^^^^^^^^^^^^^^^^^^^^^^^^^\n  File \"D:\\Teach\\Python\\venv_dj\\Lib\\site-packages\\django\\db\\models\\query.py\", line 1439, in _filter_or_exclude\n    clone._filter_or_exclude_inplace(negate, args, kwargs)\n  File \"D:\\Teach\\Python\\venv_dj\\Lib\\site-packages\\django\\db\\models\\query.py\", line 1446, in _filter_or_exclude_inplace\n    self._query.add_q(Q(*args, **kwargs))\n  File \"D:\\Teach\\Python\\venv_dj\\Lib\\site-packages\\django\\db\\models\\sql\\query.py\", line 1532, in add_q\n    clause, _ = self._add_q(q_object, self.used_aliases)\n                ^^^^^^^^^^^^^^^^^^^^^^^^^^^^^^^^^^^^^^^^\n  File \"D:\\Teach\\Python\\venv_dj\\Lib\\site-packages\\django\\db\\models\\sql\\query.py\", line 1562, in _add_q\n    child_clause, needed_inner = self.build_filter(\n                                 ^^^^^^^^^^^^^^^^^^\n  File \"D:\\Teach\\Python\\venv_dj\\Lib\\site-packages\\django\\db\\models\\sql\\query.py\", line 1478, in build_filter\n    condition = self.build_lookup(lookups, col, value)\n                ^^^^^^^^^^^^^^^^^^^^^^^^^^^^^^^^^^^^^^\n  File \"D:\\Teach\\Python\\venv_dj\\Lib\\site-packages\\django\\db\\models\\sql\\query.py\", line 1297, in build_lookup\n    lhs = self.try_transform(lhs, lookup_name)\n          ^^^^^^^^^^^^^^^^^^^^^^^^^^^^^^^^^^^^\n  File \"D:\\Teach\\Python\\venv_dj\\Lib\\site-packages\\django\\db\\models\\sql\\query.py\", line 1341, in try_transform\n    raise FieldError(\n"}}, {"model": "django_apscheduler.djangojobexecution", "pk": 47, "fields": {"job": "my_job", "status": "Executed", "run_time": "2023-06-26T07:14:50Z", "duration": "17.24", "finished": "1687763707.24", "exception": null, "traceback": null}}, {"model": "django_apscheduler.djangojobexecution", "pk": 48, "fields": {"job": "my_job", "status": "Executed", "run_time": "2023-06-26T07:15:40Z", "duration": "16.67", "finished": "1687763756.67", "exception": null, "traceback": null}}, {"model": "django_apscheduler.djangojobexecution", "pk": 49, "fields": {"job": "my_job", "status": "Executed", "run_time": "2023-06-26T07:18:20Z", "duration": "16.79", "finished": "1687763916.79", "exception": null, "traceback": null}}, {"model": "django_apscheduler.djangojobexecution", "pk": 50, "fields": {"job": "my_job", "status": "Error!", "run_time": "2023-06-26T07:22:20Z", "duration": "16.67", "finished": "1687764156.67", "exception": "(554, b'5.7.1 Message rejected under suspicion of SPAM; https://ya.cc/1IrBc 1687764155-YMEjFfuWna60-GAJQbrMO')", "traceback": "  File \"D:\\Teach\\Python\\venv_dj\\Lib\\site-packages\\apscheduler\\executors\\base.py\", line 125, in run_job\n    retval = job.func(*job.args, **job.kwargs)\n             ^^^^^^^^^^^^^^^^^^^^^^^^^^^^^^^^^\n  File \"D:\\Teach\\Python\\Projects\\NewsPaper\\news\\management\\commands\\runapscheduler.py\", line 46, in my_job\n    msg.send()\n  File \"D:\\Teach\\Python\\venv_dj\\Lib\\site-packages\\django\\core\\mail\\message.py\", line 298, in send\n    return self.get_connection(fail_silently).send_messages([self])\n           ^^^^^^^^^^^^^^^^^^^^^^^^^^^^^^^^^^^^^^^^^^^^^^^^^^^^^^^^\n  File \"D:\\Teach\\Python\\venv_dj\\Lib\\site-packages\\django\\core\\mail\\backends\\smtp.py\", line 131, in send_messages\n    sent = self._send(message)\n           ^^^^^^^^^^^^^^^^^^^\n  File \"D:\\Teach\\Python\\venv_dj\\Lib\\site-packages\\django\\core\\mail\\backends\\smtp.py\", line 149, in _send\n    self.connection.sendmail(\n  File \"C:\\Python311\\Lib\\smtplib.py\", line 908, in sendmail\n    raise SMTPDataError(code, resp)\n"}}, {"model": "django_apscheduler.djangojobexecution", "pk": 51, "fields": {"job": "my_job", "status": "Error!", "run_time": "2023-06-26T07:23:50Z", "duration": "16.51", "finished": "1687764246.51", "exception": "(554, b'5.7.1 Message rejected under suspicion of SPAM; https://ya.cc/1IrBc 1687764245-4OEcM8vDZGk0-VNEHLNAY')", "traceback": "  File \"D:\\Teach\\Python\\venv_dj\\Lib\\site-packages\\apscheduler\\executors\\base.py\", line 125, in run_job\n    retval = job.func(*job.args, **job.kwargs)\n             ^^^^^^^^^^^^^^^^^^^^^^^^^^^^^^^^^\n  File \"D:\\Teach\\Python\\Projects\\NewsPaper\\news\\management\\commands\\runapscheduler.py\", line 47, in my_job\n    msg.send()\n  File \"D:\\Teach\\Python\\venv_dj\\Lib\\site-packages\\django\\core\\mail\\message.py\", line 298, in send\n    return self.get_connection(fail_silently).send_messages([self])\n           ^^^^^^^^^^^^^^^^^^^^^^^^^^^^^^^^^^^^^^^^^^^^^^^^^^^^^^^^\n  File \"D:\\Teach\\Python\\venv_dj\\Lib\\site-packages\\django\\core\\mail\\backends\\smtp.py\", line 131, in send_messages\n    sent = self._send(message)\n           ^^^^^^^^^^^^^^^^^^^\n  File \"D:\\Teach\\Python\\venv_dj\\Lib\\site-packages\\django\\core\\mail\\backends\\smtp.py\", line 149, in _send\n    self.connection.sendmail(\n  File \"C:\\Python311\\Lib\\smtplib.py\", line 908, in sendmail\n    raise SMTPDataError(code, resp)\n"}}, {"model": "django_apscheduler.djangojobexecution", "pk": 52, "fields": {"job": "my_job", "status": "Error!", "run_time": "2023-06-26T07:28:40Z", "duration": "16.59", "finished": "1687764536.59", "exception": "(554, b'5.7.1 Message rejected under suspicion of SPAM; https://ya.cc/1IrBc 1687764535-sSEpWiuW1W20-inmQOuLQ')", "traceback": "  File \"D:\\Teach\\Python\\venv_dj\\Lib\\site-packages\\apscheduler\\executors\\base.py\", line 125, in run_job\n    retval = job.func(*job.args, **job.kwargs)\n             ^^^^^^^^^^^^^^^^^^^^^^^^^^^^^^^^^\n  File \"D:\\Teach\\Python\\Projects\\NewsPaper\\news\\management\\commands\\runapscheduler.py\", line 47, in my_job\n    msg.send()\n  File \"D:\\Teach\\Python\\venv_dj\\Lib\\site-packages\\django\\core\\mail\\message.py\", line 298, in send\n    return self.get_connection(fail_silently).send_messages([self])\n           ^^^^^^^^^^^^^^^^^^^^^^^^^^^^^^^^^^^^^^^^^^^^^^^^^^^^^^^^\n  File \"D:\\Teach\\Python\\venv_dj\\Lib\\site-packages\\django\\core\\mail\\backends\\smtp.py\", line 131, in send_messages\n    sent = self._send(message)\n           ^^^^^^^^^^^^^^^^^^^\n  File \"D:\\Teach\\Python\\venv_dj\\Lib\\site-packages\\django\\core\\mail\\backends\\smtp.py\", line 149, in _send\n    self.connection.sendmail(\n  File \"C:\\Python311\\Lib\\smtplib.py\", line 908, in sendmail\n    raise SMTPDataError(code, resp)\n"}}, {"model": "django_apscheduler.djangojobexecution", "pk": 53, "fields": {"job": "my_job", "status": "Max instances!", "run_time": "2023-06-26T07:28:50Z", "duration": "0.38", "finished": "1687764530.38", "exception": "Execution of job 'my_job' skipped: maximum number of running instances reached!", "traceback": null}}, {"model": "django_apscheduler.djangojobexecution", "pk": 54, "fields": {"job": "my_job", "status": "Error!", "run_time": "2023-06-26T07:29:00Z", "duration": "1.24", "finished": "1687764541.24", "exception": "(554, b'5.7.1 Message rejected under suspicion of SPAM; https://ya.cc/1IrBc 1687764539-xSEoGTvDTW20-Ahvl6NUS')", "traceback": "  File \"D:\\Teach\\Python\\venv_dj\\Lib\\site-packages\\apscheduler\\executors\\base.py\", line 125, in run_job\n    retval = job.func(*job.args, **job.kwargs)\n             ^^^^^^^^^^^^^^^^^^^^^^^^^^^^^^^^^\n  File \"D:\\Teach\\Python\\Projects\\NewsPaper\\news\\management\\commands\\runapscheduler.py\", line 47, in my_job\n    msg.send()\n  File \"D:\\Teach\\Python\\venv_dj\\Lib\\site-packages\\django\\core\\mail\\message.py\", line 298, in send\n    return self.get_connection(fail_silently).send_messages([self])\n           ^^^^^^^^^^^^^^^^^^^^^^^^^^^^^^^^^^^^^^^^^^^^^^^^^^^^^^^^\n  File \"D:\\Teach\\Python\\venv_dj\\Lib\\site-packages\\django\\core\\mail\\backends\\smtp.py\", line 131, in send_messages\n    sent = self._send(message)\n           ^^^^^^^^^^^^^^^^^^^\n  File \"D:\\Teach\\Python\\venv_dj\\Lib\\site-packages\\django\\core\\mail\\backends\\smtp.py\", line 149, in _send\n    self.connection.sendmail(\n  File \"C:\\Python311\\Lib\\smtplib.py\", line 908, in sendmail\n    raise SMTPDataError(code, resp)\n"}}, {"model": "django_apscheduler.djangojobexecution", "pk": 55, "fields": {"job": "my_job", "status": "Error!", "run_time": "2023-06-26T07:29:10Z", "duration": "1.12", "finished": "1687764551.12", "exception": "(554, b'5.7.1 Message rejected under suspicion of SPAM; https://ya.cc/1IrBc 1687764549-9TEWhqKW0Cg0-bkCWxRIE')", "traceback": "  File \"D:\\Teach\\Python\\venv_dj\\Lib\\site-packages\\apscheduler\\executors\\base.py\", line 125, in run_job\n    retval = job.func(*job.args, **job.kwargs)\n             ^^^^^^^^^^^^^^^^^^^^^^^^^^^^^^^^^\n  File \"D:\\Teach\\Python\\Projects\\NewsPaper\\news\\management\\commands\\runapscheduler.py\", line 47, in my_job\n    msg.send()\n  File \"D:\\Teach\\Python\\venv_dj\\Lib\\site-packages\\django\\core\\mail\\message.py\", line 298, in send\n    return self.get_connection(fail_silently).send_messages([self])\n           ^^^^^^^^^^^^^^^^^^^^^^^^^^^^^^^^^^^^^^^^^^^^^^^^^^^^^^^^\n  File \"D:\\Teach\\Python\\venv_dj\\Lib\\site-packages\\django\\core\\mail\\backends\\smtp.py\", line 131, in send_messages\n    sent = self._send(message)\n           ^^^^^^^^^^^^^^^^^^^\n  File \"D:\\Teach\\Python\\venv_dj\\Lib\\site-packages\\django\\core\\mail\\backends\\smtp.py\", line 149, in _send\n    self.connection.sendmail(\n  File \"C:\\Python311\\Lib\\smtplib.py\", line 908, in sendmail\n    raise SMTPDataError(code, resp)\n"}}, {"model": "django_apscheduler.djangojobexecution", "pk": 56, "fields": {"job": "my_job", "status": "Error!", "run_time": "2023-06-26T07:31:00Z", "duration": "16.52", "finished": "1687764676.52", "exception": "(554, b'5.7.1 Message rejected under suspicion of SPAM; https://ya.cc/1IrBc 1687764675-EVEIcouDVa60-GQcQatrk')", "traceback": "  File \"D:\\Teach\\Python\\venv_dj\\Lib\\site-packages\\apscheduler\\executors\\base.py\", line 125, in run_job\n    retval = job.func(*job.args, **job.kwargs)\n             ^^^^^^^^^^^^^^^^^^^^^^^^^^^^^^^^^\n  File \"D:\\Teach\\Python\\Projects\\NewsPaper\\news\\management\\commands\\runapscheduler.py\", line 47, in my_job\n    msg.send()\n  File \"D:\\Teach\\Python\\venv_dj\\Lib\\site-packages\\django\\core\\mail\\message.py\", line 298, in send\n    return self.get_connection(fail_silently).send_messages([self])\n           ^^^^^^^^^^^^^^^^^^^^^^^^^^^^^^^^^^^^^^^^^^^^^^^^^^^^^^^^\n  File \"D:\\Teach\\Python\\venv_dj\\Lib\\site-packages\\django\\core\\mail\\backends\\smtp.py\", line 131, in send_messages\n    sent = self._send(message)\n           ^^^^^^^^^^^^^^^^^^^\n  File \"D:\\Teach\\Python\\venv_dj\\Lib\\site-packages\\django\\core\\mail\\backends\\smtp.py\", line 149, in _send\n    self.connection.sendmail(\n  File \"C:\\Python311\\Lib\\smtplib.py\", line 908, in sendmail\n    raise SMTPDataError(code, resp)\n"}}, {"model": "django_apscheduler.djangojobexecution", "pk": 57, "fields": {"job": "my_job", "status": "Max instances!", "run_time": "2023-06-26T07:31:10Z", "duration": "0.44", "finished": "1687764670.44", "exception": "Execution of job 'my_job' skipped: maximum number of running instances reached!", "traceback": null}}, {"model": "django_apscheduler.djangojobexecution", "pk": 58, "fields": {"job": "my_job", "status": "Error!", "run_time": "2023-06-26T07:31:20Z", "duration": "0.92", "finished": "1687764680.92", "exception": "(554, b'5.7.1 Message rejected under suspicion of SPAM; https://ya.cc/1IrBc 1687764679-JVELV4xDYmI0-pubnKbED')", "traceback": "  File \"D:\\Teach\\Python\\venv_dj\\Lib\\site-packages\\apscheduler\\executors\\base.py\", line 125, in run_job\n    retval = job.func(*job.args, **job.kwargs)\n             ^^^^^^^^^^^^^^^^^^^^^^^^^^^^^^^^^\n  File \"D:\\Teach\\Python\\Projects\\NewsPaper\\news\\management\\commands\\runapscheduler.py\", line 47, in my_job\n    msg.send()\n  File \"D:\\Teach\\Python\\venv_dj\\Lib\\site-packages\\django\\core\\mail\\message.py\", line 298, in send\n    return self.get_connection(fail_silently).send_messages([self])\n           ^^^^^^^^^^^^^^^^^^^^^^^^^^^^^^^^^^^^^^^^^^^^^^^^^^^^^^^^\n  File \"D:\\Teach\\Python\\venv_dj\\Lib\\site-packages\\django\\core\\mail\\backends\\smtp.py\", line 131, in send_messages\n    sent = self._send(message)\n           ^^^^^^^^^^^^^^^^^^^\n  File \"D:\\Teach\\Python\\venv_dj\\Lib\\site-packages\\django\\core\\mail\\backends\\smtp.py\", line 149, in _send\n    self.connection.sendmail(\n  File \"C:\\Python311\\Lib\\smtplib.py\", line 908, in sendmail\n    raise SMTPDataError(code, resp)\n"}}, {"model": "django_apscheduler.djangojobexecution", "pk": 59, "fields": {"job": "my_job", "status": "Error!", "run_time": "2023-06-26T07:46:20Z", "duration": "0.36", "finished": "1687765580.36", "exception": "Invalid filter: 'censor'", "traceback": "  File \"D:\\Teach\\Python\\venv_dj\\Lib\\site-packages\\apscheduler\\executors\\base.py\", line 125, in run_job\n    retval = job.func(*job.args, **job.kwargs)\n             ^^^^^^^^^^^^^^^^^^^^^^^^^^^^^^^^^\n  File \"D:\\Teach\\Python\\Projects\\NewsPaper\\news\\management\\commands\\runapscheduler.py\", line 32, in my_job\n    html_content = render_to_string(\n                   ^^^^^^^^^^^^^^^^^\n  File \"D:\\Teach\\Python\\venv_dj\\Lib\\site-packages\\django\\template\\loader.py\", line 61, in render_to_string\n    template = get_template(template_name, using=using)\n               ^^^^^^^^^^^^^^^^^^^^^^^^^^^^^^^^^^^^^^^^\n  File \"D:\\Teach\\Python\\venv_dj\\Lib\\site-packages\\django\\template\\loader.py\", line 15, in get_template\n    return engine.get_template(template_name)\n           ^^^^^^^^^^^^^^^^^^^^^^^^^^^^^^^^^^\n  File \"D:\\Teach\\Python\\venv_dj\\Lib\\site-packages\\django\\template\\backends\\django.py\", line 33, in get_template\n    return Template(self.engine.get_template(template_name), self)\n                    ^^^^^^^^^^^^^^^^^^^^^^^^^^^^^^^^^^^^^^^\n  File \"D:\\Teach\\Python\\venv_dj\\Lib\\site-packages\\django\\template\\engine.py\", line 175, in get_template\n    template, origin = self.find_template(template_name)\n                       ^^^^^^^^^^^^^^^^^^^^^^^^^^^^^^^^^\n  File \"D:\\Teach\\Python\\venv_dj\\Lib\\site-packages\\django\\template\\engine.py\", line 157, in find_template\n    template = loader.get_template(name, skip=skip)\n               ^^^^^^^^^^^^^^^^^^^^^^^^^^^^^^^^^^^^\n  File \"D:\\Teach\\Python\\venv_dj\\Lib\\site-packages\\django\\template\\loaders\\cached.py\", line 57, in get_template\n    template = super().get_template(template_name, skip)\n               ^^^^^^^^^^^^^^^^^^^^^^^^^^^^^^^^^^^^^^^^^\n  File \"D:\\Teach\\Python\\venv_dj\\Lib\\site-packages\\django\\template\\loaders\\base.py\", line 28, in get_template\n    return Template(\n           ^^^^^^^^^\n  File \"D:\\Teach\\Python\\venv_dj\\Lib\\site-packages\\django\\template\\base.py\", line 154, in __init__\n    self.nodelist = self.compile_nodelist()\n                    ^^^^^^^^^^^^^^^^^^^^^^^\n  File \"D:\\Teach\\Python\\venv_dj\\Lib\\site-packages\\django\\template\\base.py\", line 200, in compile_nodelist\n    return parser.parse()\n           ^^^^^^^^^^^^^^\n  File \"D:\\Teach\\Python\\venv_dj\\Lib\\site-packages\\django\\template\\base.py\", line 513, in parse\n    raise self.error(token, e)\n  File \"D:\\Teach\\Python\\venv_dj\\Lib\\site-packages\\django\\template\\base.py\", line 511, in parse\n    compiled_result = compile_func(self, token)\n                      ^^^^^^^^^^^^^^^^^^^^^^^^^\n  File \"D:\\Teach\\Python\\venv_dj\\Lib\\site-packages\\django\\template\\defaulttags.py\", line 853, in do_for\n    nodelist_loop = parser.parse(\n                    ^^^^^^^^^^^^^\n  File \"D:\\Teach\\Python\\venv_dj\\Lib\\site-packages\\django\\template\\base.py\", line 484, in parse\n    raise self.error(token, e)\n  File \"D:\\Teach\\Python\\venv_dj\\Lib\\site-packages\\django\\template\\base.py\", line 482, in parse\n    filter_expression = self.compile_filter(token.contents)\n                        ^^^^^^^^^^^^^^^^^^^^^^^^^^^^^^^^^^^\n  File \"D:\\Teach\\Python\\venv_dj\\Lib\\site-packages\\django\\template\\base.py\", line 600, in compile_filter\n    return FilterExpression(token, self)\n           ^^^^^^^^^^^^^^^^^^^^^^^^^^^^^\n  File \"D:\\Teach\\Python\\venv_dj\\Lib\\site-packages\\django\\template\\base.py\", line 698, in __init__\n    filter_func = parser.find_filter(filter_name)\n                  ^^^^^^^^^^^^^^^^^^^^^^^^^^^^^^^\n  File \"D:\\Teach\\Python\\venv_dj\\Lib\\site-packages\\django\\template\\base.py\", line 606, in find_filter\n    raise TemplateSyntaxError(\"Invalid filter: '%s'\" % filter_name)\n"}}, {"model": "django_apscheduler.djangojobexecution", "pk": 60, "fields": {"job": "my_job", "status": "Executed", "run_time": "2023-06-26T07:46:50Z", "duration": "0.27", "finished": "1687765610.27", "exception": null, "traceback": null}}, {"model": "django_apscheduler.djangojobexecution", "pk": 61, "fields": {"job": "my_job", "status": "Executed", "run_time": "2023-06-26T08:43:10Z", "duration": "0.60", "finished": "1687768990.60", "exception": null, "traceback": null}}, {"model": "django_apscheduler.djangojobexecution", "pk": 62, "fields": {"job": "my_job", "status": "Executed", "run_time": "2023-06-26T08:43:20Z", "duration": "0.84", "finished": "1687769000.84", "exception": null, "traceback": null}}, {"model": "django_apscheduler.djangojobexecution", "pk": 63, "fields": {"job": "my_job", "status": "Executed", "run_time": "2023-06-26T08:43:30Z", "duration": "0.64", "finished": "1687769010.64", "exception": null, "traceback": null}}, {"model": "django_apscheduler.djangojobexecution", "pk": 64, "fields": {"job": "my_job", "status": "Executed", "run_time": "2023-06-26T08:43:40Z", "duration": "0.64", "finished": "1687769020.64", "exception": null, "traceback": null}}, {"model": "django_apscheduler.djangojobexecution", "pk": 65, "fields": {"job": "my_job", "status": "Executed", "run_time": "2023-06-26T08:43:50Z", "duration": "0.55", "finished": "1687769030.55", "exception": null, "traceback": null}}, {"model": "django_apscheduler.djangojobexecution", "pk": 66, "fields": {"job": "my_job", "status": "Executed", "run_time": "2023-06-26T08:44:00Z", "duration": "0.60", "finished": "1687769040.60", "exception": null, "traceback": null}}, {"model": "django_apscheduler.djangojobexecution", "pk": 67, "fields": {"job": "my_job", "status": "Executed", "run_time": "2023-06-26T08:44:10Z", "duration": "0.60", "finished": "1687769050.60", "exception": null, "traceback": null}}, {"model": "django_apscheduler.djangojobexecution", "pk": 68, "fields": {"job": "my_job", "status": "Executed", "run_time": "2023-06-26T08:44:20Z", "duration": "0.64", "finished": "1687769060.64", "exception": null, "traceback": null}}, {"model": "django_apscheduler.djangojobexecution", "pk": 69, "fields": {"job": "my_job", "status": "Executed", "run_time": "2023-06-26T08:44:30Z", "duration": "0.84", "finished": "1687769070.84", "exception": null, "traceback": null}}, {"model": "django_apscheduler.djangojobexecution", "pk": 70, "fields": {"job": "my_job", "status": "Executed", "run_time": "2023-06-26T08:44:40Z", "duration": "0.84", "finished": "1687769080.84", "exception": null, "traceback": null}}, {"model": "django_apscheduler.djangojobexecution", "pk": 71, "fields": {"job": "my_job", "status": "Executed", "run_time": "2023-06-26T08:44:50Z", "duration": "0.75", "finished": "1687769090.75", "exception": null, "traceback": null}}, {"model": "django_apscheduler.djangojobexecution", "pk": 72, "fields": {"job": "my_job", "status": "Executed", "run_time": "2023-06-26T08:45:00Z", "duration": "0.89", "finished": "1687769100.89", "exception": null, "traceback": null}}, {"model": "django_apscheduler.djangojobexecution", "pk": 73, "fields": {"job": "my_job", "status": "Executed", "run_time": "2023-06-26T08:48:40Z", "duration": "0.33", "finished": "1687769320.33", "exception": null, "traceback": null}}, {"model": "django_apscheduler.djangojobexecution", "pk": 74, "fields": {"job": "my_job", "status": "Executed", "run_time": "2023-06-26T08:48:50Z", "duration": "0.54", "finished": "1687769330.54", "exception": null, "traceback": null}}, {"model": "django_apscheduler.djangojobexecution", "pk": 75, "fields": {"job": "my_job", "status": "Executed", "run_time": "2023-06-26T08:49:00Z", "duration": "0.47", "finished": "1687769340.47", "exception": null, "traceback": null}}, {"model": "django_apscheduler.djangojobexecution", "pk": 76, "fields": {"job": "my_job", "status": "Executed", "run_time": "2023-06-26T08:49:10Z", "duration": "0.50", "finished": "1687769350.50", "exception": null, "traceback": null}}, {"model": "django_apscheduler.djangojobexecution", "pk": 77, "fields": {"job": "my_job", "status": "Executed", "run_time": "2023-06-26T08:49:20Z", "duration": "0.50", "finished": "1687769360.50", "exception": null, "traceback": null}}, {"model": "django_apscheduler.djangojobexecution", "pk": 78, "fields": {"job": "my_job", "status": "Executed", "run_time": "2023-06-26T08:55:20Z", "duration": "0.31", "finished": "1687769720.31", "exception": null, "traceback": null}}, {"model": "django_apscheduler.djangojobexecution", "pk": 79, "fields": {"job": "my_job", "status": "Executed", "run_time": "2023-06-26T08:57:50Z", "duration": "18.06", "finished": "1687769888.06", "exception": null, "traceback": null}}, {"model": "django_apscheduler.djangojobexecution", "pk": 80, "fields": {"job": "my_job", "status": "Max instances!", "run_time": "2023-06-26T08:58:00Z", "duration": "0.59", "finished": "1687769880.59", "exception": "Execution of job 'my_job' skipped: maximum number of running instances reached!", "traceback": null}}, {"model": "django_apscheduler.djangojobexecution", "pk": 81, "fields": {"job": "my_job", "status": "Executed", "run_time": "2023-06-26T08:58:10Z", "duration": "2.06", "finished": "1687769892.06", "exception": null, "traceback": null}}, {"model": "django_apscheduler.djangojobexecution", "pk": 82, "fields": {"job": "my_job", "status": "Error!", "run_time": "2023-06-26T10:10:00Z", "duration": "18.29", "finished": "1687774218.29", "exception": "(554, b'5.7.1 Message rejected under suspicion of SPAM; https://ya.cc/1IrBc 1687774218-HAHn05uWoGk0-1Re674xJ')", "traceback": "  File \"D:\\Teach\\Python\\venv_dj\\Lib\\site-packages\\apscheduler\\executors\\base.py\", line 125, in run_job\n    retval = job.func(*job.args, **job.kwargs)\n             ^^^^^^^^^^^^^^^^^^^^^^^^^^^^^^^^^\n  File \"D:\\Teach\\Python\\Projects\\NewsPaper\\news\\management\\commands\\runapscheduler.py\", line 56, in my_job\n    msg.send()\n  File \"D:\\Teach\\Python\\venv_dj\\Lib\\site-packages\\django\\core\\mail\\message.py\", line 298, in send\n    return self.get_connection(fail_silently).send_messages([self])\n           ^^^^^^^^^^^^^^^^^^^^^^^^^^^^^^^^^^^^^^^^^^^^^^^^^^^^^^^^\n  File \"D:\\Teach\\Python\\venv_dj\\Lib\\site-packages\\django\\core\\mail\\backends\\smtp.py\", line 131, in send_messages\n    sent = self._send(message)\n           ^^^^^^^^^^^^^^^^^^^\n  File \"D:\\Teach\\Python\\venv_dj\\Lib\\site-packages\\django\\core\\mail\\backends\\smtp.py\", line 149, in _send\n    self.connection.sendmail(\n  File \"C:\\Python311\\Lib\\smtplib.py\", line 908, in sendmail\n    raise SMTPDataError(code, resp)\n"}}, {"model": "django_apscheduler.djangojobexecution", "pk": 83, "fields": {"job": "my_job", "status": "Max instances!", "run_time": "2023-06-26T10:10:10Z", "duration": "0.63", "finished": "1687774210.63", "exception": "Execution of job 'my_job' skipped: maximum number of running instances reached!", "traceback": null}}, {"model": "news.author", "pk": 1, "fields": {"rate": 4}}, {"model": "news.author", "pk": 3, "fields": {"rate": -4}}, {"model": "news.author", "pk": 7, "fields": {"rate": 0}}, {"model": "news.author", "pk": 14, "fields": {"rate": 0}}, {"model": "news.author", "pk": 15, "fields": {"rate": 0}}, {"model": "news.author", "pk": 16, "fields": {"rate": 0}}, {"model": "news.author", "pk": 19, "fields": {"rate": 0}}, {"model": "news.author", "pk": 31, "fields": {"rate": 0}}, {"model": "news.category", "pk": 1, "fields": {"name": "Sport", "subscribers": [4, 7]}}, {"model": "news.category", "pk": 2, "fields": {"name": "IT", "subscribers": [7, 31]}}, {"model": "news.category", "pk": 3, "fields": {"name": "Car", "subscribers": [4]}}, {"model": "news.category", "pk": 4, "fields": {"name": "TV", "subscribers": [4]}}, {"model": "news.post", "pk": 1, "fields": {"property": "N", "time_create": "2023-03-30T18:54:44.539Z", "heading": "Ar ticle 1", "content": "Первая статья. После просмотра записи вебинара вам предоставляется возможность оценить его и поделиться своими впечатлениями/комментариями в форме обратной связи. Для нас это очень важно. Просим оставить детальный комментарий. Это поможет нам скорректировать/улучшить планы и форматы вебинаров, что позволит сделать ваш процесс обучения более эффективным и интересным.", "rate": 1, "author": 1}}, {"model": "news.post", "pk": 2, "fields": {"property": "A", "time_create": "2023-03-30T18:58:44.340Z", "heading": "Article 2", "content": "Вторая статья", "rate": -1, "author": 3}}, {"model": "news.post", "pk": 3, "fields": {"property": "N", "time_create": "2023-03-30T18:59:17.765Z", "heading": "News", "content": "Ех_ал Ваня зараза на коне, вел собачку на ремне . В ходе работы с модулем вы должны были выполнить следующие задания:\r\nСоздать новую страницу с адресом /news/, на которой должен выводиться список всех новостей.\r\nВыв_ести все статьи в виде заголовка, даты публикации и первых 20 символов текста.\r\nНовости должны выводиться в порядке от более свежей к самой старой.\r\nСделать отдельную страницу для полной информации о статье /news/<id новости>.\r\nНа этой странице должна быть вся информация о статье. Название, текст и дата загрузки в формате день.месяц.год.\r\n\r\nНаписать собственный фильтр censor, который заменяет буквы нежелательных слов в заголовках и текстах статей на символ «*».\r\n\r\nВсе новые страницы должны использовать шаблон default.html как основу.", "rate": 1, "author": 1}}, {"model": "news.post", "pk": 4, "fields": {"property": "N", "time_create": "2023-03-30T19:01:48.326Z", "heading": "News 2 (редиска)", "content": "Новость другая", "rate": -1, "author": 3}}, {"model": "news.post", "pk": 5, "fields": {"property": "N", "time_create": "2023-04-23T18:59:17.765Z", "heading": "новость 3", "content": "Мы видим, что в примере есть два параметра запроса с ключами q и page. Ключ отделяется от значения с помощью знака «=», а пары ключей значений — с помощью амперсанда «&». Когда такой запрос поступает в Django, он раскладывает параметры в объект класса QueryDict, который очень похож на стандартный Python словарь. Главное отличие в том, что для одного ключа может быть несколько значений, которые объединятся с список.", "rate": 0, "author": 3}}, {"model": "news.post", "pk": 9, "fields": {"property": "N", "time_create": "2023-05-07T09:24:34.742Z", "heading": "новость через форму 4", "content": "Проблема в том, что Django не знает, какую страницу нужно открыть после создания товара. И как видно по описанию, мы можем убрать проблему, добавив метод get_absolute_url в модель. Так и сделаем.", "rate": 0, "author": 3}}, {"model": "news.post", "pk": 10, "fields": {"property": "N", "time_create": "2023-05-07T09:29:35.923Z", "heading": "новость через форму 6", "content": "Проблема в том, что Django не знает, какую страницу нужно открыть после создания товара. И как видно по описанию, мы можем убрать проблему, добавив метод get_absolute_url в модель. Так и сделаем.", "rate": 0, "author": 1}}, {"model": "news.post", "pk": 14, "fields": {"property": "N", "time_create": "2023-05-11T08:24:10.444Z", "heading": "dfsdkhjk", "content": "dsfsdf", "rate": 0, "author": 1}}, {"model": "news.post", "pk": 15, "fields": {"property": "N", "time_create": "2023-05-11T08:27:33.550Z", "heading": "sadas", "content": "sadas", "rate": 0, "author": 3}}, {"model": "news.post", "pk": 17, "fields": {"property": "N", "time_create": "2023-05-11T08:36:21.143Z", "heading": "fdgs", "content": "fgsfg", "rate": 0, "author": 1}}, {"model": "news.post", "pk": 18, "fields": {"property": "N", "time_create": "2023-05-11T08:40:18.500Z", "heading": "dfssdf", "content": "asdfad", "rate": 0, "author": 1}}, {"model": "news.post", "pk": 21, "fields": {"property": "N", "time_create": "2023-05-11T08:45:08.465Z", "heading": "fdsfs", "content": "sdfsdaf", "rate": 0, "author": 1}}, {"model": "news.post", "pk": 23, "fields": {"property": "N", "time_create": "2023-05-11T08:56:58.565Z", "heading": "fgdfdf", "content": "dsfds", "rate": 0, "author": 1}}, {"model": "news.post", "pk": 24, "fields": {"property": "A", "time_create": "2023-05-11T10:38:49.414Z", "heading": "fdsfsfgdfgdfg", "content": "sfdsfsd", "rate": 0, "author": 3}}, {"model": "news.post", "pk": 25, "fields": {"property": "A", "time_create": "2023-05-11T12:22:27.776Z", "heading": "qqqq", "content": "rwewrerwerweqr", "rate": 0, "author": 1}}, {"model": "news.post", "pk": 28, "fields": {"property": "A", "time_create": "2023-05-11T12:30:47.318Z", "heading": "ssssssssssssssss", "content": "sssssssssssssss", "rate": 0, "author": 1}}, {"model": "news.post", "pk": 30, "fields": {"property": "A", "time_create": "2023-05-11T12:58:56.077Z", "heading": "qqqqqqqqqqqqqqq", "content": "1111", "rate": 0, "author": 1}}, {"model": "news.post", "pk": 31, "fields": {"property": "A", "time_create": "2023-05-11T13:15:10.727Z", "heading": "1111", "content": "dsassa", "rate": 0, "author": 1}}, {"model": "news.post", "pk": 32, "fields": {"property": "A", "time_create": "2023-05-11T13:15:27.696Z", "heading": "2222", "content": "dfdssdf", "rate": 0, "author": 1}}, {"model": "news.post", "pk": 33, "fields": {"property": "N", "time_create": "2023-05-11T13:15:40.160Z", "heading": "333", "content": "dsfsdfd", "rate": 0, "author": 1}}, {"model": "news.post", "pk": 34, "fields": {"property": "A", "time_create": "2023-05-11T13:23:35.357Z", "heading": "55555", "content": "gfds", "rate": 0, "author": 1}}, {"model": "news.post", "pk": 35, "fields": {"property": "A", "time_create": "2023-05-11T13:23:54.529Z", "heading": "7777", "content": "fdfsf", "rate": 0, "author": 1}}, {"model": "news.post", "pk": 36, "fields": {"property": "A", "time_create": "2023-05-11T13:24:15.245Z", "heading": "9999", "content": "hghfgdh", "rate": 0, "author": 3}}, {"model": "news.post", "pk": 37, "fields": {"property": "N", "time_create": "2023-05-11T13:31:26.873Z", "heading": "aq", "content": "dfdsfsd", "rate": 0, "author": 1}}, {"model": "news.post", "pk": 38, "fields": {"property": "N", "time_create": "2023-05-11T13:31:49.959Z", "heading": "aqaas", "content": "dfsdsfsd", "rate": 0, "author": 1}}, {"model": "news.post", "pk": 39, "fields": {"property": "N", "time_create": "2023-05-13T09:25:37.353Z", "heading": "aafgljdflgjfdkljdfj", "content": "проверим что наваял", "rate": 0, "author": 3}}, {"model": "news.post", "pk": 40, "fields": {"property": "A", "time_create": "2023-05-18T11:07:32.539Z", "heading": "Git", "content": "1) инициализация в папке с проектом git init\r\n2) добавление файлов git add ex.txt либо git add . (всех)\r\n3) фиксация изменений git commit -m \"Описание\"\r\n4) просмотр commit ов git log\r\n5) создание ветки git branch b1\r\n6) переход на ветку git checkout b1\r\n7) создание и переход git checkout -b mybr\r\n8) загрузка на github :\r\n  a) создать репозиторий на gihub\r\n  b) связать локалку с github \r\n     git remote add origin https://github.com/AnKom13/zzzz.git \r\n  c) загрузить на github\r\n     git push", "rate": 0, "author": 1}}, {"model": "news.post", "pk": 41, "fields": {"property": "A", "time_create": "2023-05-25T18:22:59.081Z", "heading": "Проба с правами", "content": "йцйцйцй", "rate": 0, "author": 1}}, {"model": "news.post", "pk": 42, "fields": {"property": "A", "time_create": "2023-05-25T20:01:10.977Z", "heading": "проба  с правами", "content": "аыаыфвафыаф", "rate": 0, "author": 14}}, {"model": "news.post", "pk": 43, "fields": {"property": "N", "time_create": "2023-05-26T09:23:15.777Z", "heading": "qwe", "content": "fdas_", "rate": 0, "author": 15}}, {"model": "news.post", "pk": 44, "fields": {"property": "N", "time_create": "2023-05-26T09:31:50.175Z", "heading": "новость fin", "content": "adasdsada", "rate": 0, "author": 16}}, {"model": "news.post", "pk": 45, "fields": {"property": "A", "time_create": "2023-05-26T10:05:46.076Z", "heading": "try 2", "content": "dfsfs", "rate": 0, "author": 16}}, {"model": "news.post", "pk": 46, "fields": {"property": "N", "time_create": "2023-05-26T10:06:18.777Z", "heading": "news try", "content": "fdsfds", "rate": 0, "author": 16}}, {"model": "news.post", "pk": 47, "fields": {"property": "N", "time_create": "2023-05-26T10:13:37.178Z", "heading": "ывыфв", "content": "ыфвф", "rate": 0, "author": 16}}, {"model": "news.post", "pk": 48, "fields": {"property": "A", "time_create": "2023-05-26T10:15:25.958Z", "heading": "dfsdf", "content": "sdfs", "rate": 0, "author": 16}}, {"model": "news.post", "pk": 49, "fields": {"property": "N", "time_create": "2023-05-26T10:15:47.606Z", "heading": "dsfsdfsd", "content": "dfsdfsd", "rate": 0, "author": 16}}, {"model": "news.post", "pk": 50, "fields": {"property": "N", "time_create": "2023-05-26T10:20:28.019Z", "heading": "gfd", "content": "fgsdf", "rate": 0, "author": 16}}, {"model": "news.post", "pk": 51, "fields": {"property": "N", "time_create": "2023-05-26T10:24:42.825Z", "heading": "vcxvxc", "content": "cvxcv", "rate": 0, "author": 16}}, {"model": "news.post", "pk": 52, "fields": {"property": "A", "time_create": "2023-05-26T10:33:16.436Z", "heading": "fdsfsdfz", "content": "dfsf", "rate": 0, "author": 16}}, {"model": "news.post", "pk": 53, "fields": {"property": "N", "time_create": "2023-05-26T10:34:10.047Z", "heading": "dsfsdfs", "content": "dsfsdfds", "rate": 0, "author": 16}}, {"model": "news.post", "pk": 54, "fields": {"property": "N", "time_create": "2023-05-26T10:40:46.909Z", "heading": "hggf", "content": "hfgg", "rate": 0, "author": 16}}, {"model": "news.post", "pk": 55, "fields": {"property": "N", "time_create": "2023-05-26T10:41:39.280Z", "heading": "fds", "content": "hfggdfsdfs", "rate": 0, "author": 16}}, {"model": "news.post", "pk": 56, "fields": {"property": "N", "time_create": "2023-05-26T10:45:45.056Z", "heading": "eqwewewq", "content": "qq", "rate": 0, "author": 16}}, {"model": "news.post", "pk": 57, "fields": {"property": "N", "time_create": "2023-05-26T10:52:18.767Z", "heading": "fghdghhgdfh", "content": "123", "rate": 0, "author": 16}}, {"model": "news.post", "pk": 58, "fields": {"property": "N", "time_create": "2023-05-26T10:55:34.693Z", "heading": "fghdghhgdfhghfghgfh", "content": "123", "rate": 0, "author": 16}}, {"model": "news.post", "pk": 59, "fields": {"property": "N", "time_create": "2023-05-26T11:15:44.287Z", "heading": "dsffdfs", "content": "dsfs", "rate": 0, "author": 16}}, {"model": "news.post", "pk": 60, "fields": {"property": "A", "time_create": "2023-05-26T11:16:03.052Z", "heading": "fsdsfd", "content": "dfsdfs", "rate": 0, "author": 16}}, {"model": "news.post", "pk": 61, "fields": {"property": "A", "time_create": "2023-05-26T11:32:55.963Z", "heading": "fdsfsdfsdfsdfsdfsdfsdfsdfsdf", "content": "111111111111111", "rate": 0, "author": 16}}, {"model": "news.post", "pk": 62, "fields": {"property": "N", "time_create": "2023-05-26T11:33:22.834Z", "heading": "zzzzzzzzzzzzzzzzzzzzzzzz", "content": "qwqwqwqwqw", "rate": 0, "author": 16}}, {"model": "news.post", "pk": 63, "fields": {"property": "N", "time_create": "2023-06-24T10:48:35.869Z", "heading": "проверка расписания", "content": "После просмотра записи вебинара вам предоставляется возможность оценить его и поделиться своими впечатлениями/комментариями в форме обратной связи. Для нас это очень важно. Просим оставить детальный комментарий. Это поможет нам скорректировать/улучшить планы и форматы вебинаров, что позволит сделать ваш процесс обучения более эффективным и интересным.", "rate": 0, "author": 7}}, {"model": "news.post", "pk": 64, "fields": {"property": "A", "time_create": "2023-06-24T10:49:35.812Z", "heading": "q1", "content": "После просмотра записи вебинара вам предоставляется возможность оценить его и поделиться своими впечатлениями/комментариями в форме обратной связи. Для нас это очень важно. Просим оставить детальный комментарий. Это поможет нам скорректировать/улучшить планы и форматы вебинаров, что позволит сделать ваш процесс обучения более эффективным и интересным.", "rate": 0, "author": 7}}, {"model": "news.post", "pk": 65, "fields": {"property": "A", "time_create": "2023-06-24T10:53:19.728Z", "heading": "qwqwqweqasasqa", "content": "После просмотра записи вебинара вам предоставляется возможность оценить его и поделиться своими впечатлениями/комментариями в форме обратной связи. Для нас это очень важно. Просим оставить детальный комментарий. Это поможет нам скорректировать/улучшить планы и форматы вебинаров, что позволит сделать ваш процесс обучения более эффективным и интересным.", "rate": 0, "author": 7}}, {"model": "news.post", "pk": 66, "fields": {"property": "A", "time_create": "2023-06-24T10:55:10.102Z", "heading": "яьяьяь", "content": "После просмотра записи вебинара вам предоставляется возможность оценить его и поделиться своими впечатлениями/комментариями в форме обратной связи. Для нас это очень важно. Просим оставить детальный комментарий. Это поможет нам скорректировать/улучшить планы и форматы вебинаров, что позволит сделать ваш процесс обучения более эффективным и интересным.", "rate": 0, "author": 7}}, {"model": "news.post", "pk": 67, "fields": {"property": "A", "time_create": "2023-06-24T11:01:45.858Z", "heading": "йцуфывячс", "content": "После просмотра записи вебинара вам предоставляется возможность оценить его и поделиться своими впечатлениями/комментариями в форме обратной связи. Для нас это очень важно. Просим оставить детальный комментарий. Это поможет нам скорректировать/улучшить планы и форматы вебинаров, что позволит сделать ваш процесс обучения более эффективным и интересным.", "rate": 0, "author": 7}}, {"model": "news.post", "pk": 68, "fields": {"property": "A", "time_create": "2023-06-24T11:02:39.697Z", "heading": "sw1", "content": "После просмотра записи вебинара вам предоставляется возможность оценить его и поделиться своими впечатлениями/комментариями в форме обратной связи. Для нас это очень важно. Просим оставить детальный комментарий. Это поможет нам скорректировать/улучшить планы и форматы вебинаров, что позволит сделать ваш процесс обучения более эффективным и интересным.", "rate": 0, "author": 7}}, {"model": "news.post", "pk": 69, "fields": {"property": "A", "time_create": "2023-06-24T11:05:05.522Z", "heading": "sw2", "content": "После просмотра записи вебинара вам предоставляется возможность оценить его и поделиться своими впечатлениями/комментариями в форме обратной связи. Для нас это очень важно. Просим оставить детальный комментарий. Это поможет нам скорректировать/улучшить планы и форматы вебинаров, что позволит сделать ваш процесс обучения более эффективным и интересным.", "rate": 0, "author": 7}}, {"model": "news.post", "pk": 70, "fields": {"property": "A", "time_create": "2023-06-24T11:05:41.068Z", "heading": "sw3", "content": "После просмотра записи вебинара вам предоставляется возможность оценить его и поделиться своими впечатлениями/комментариями в форме обратной связи. Для нас это очень важно. Просим оставить детальный комментарий. Это поможет нам скорректировать/улучшить планы и форматы вебинаров, что позволит сделать ваш процесс обучения более эффективным и интересным.", "rate": 0, "author": 7}}, {"model": "news.post", "pk": 71, "fields": {"property": "A", "time_create": "2023-06-24T11:06:28.378Z", "heading": "sw4", "content": "После просмотра записи вебинара вам предоставляется возможность оценить его и поделиться своими впечатлениями/комментариями в форме обратной связи. Для нас это очень важно. Просим оставить детальный комментарий. Это поможет нам скорректировать/улучшить планы и форматы вебинаров, что позволит сделать ваш процесс обучения более эффективным и интересным.", "rate": 0, "author": 7}}, {"model": "news.post", "pk": 72, "fields": {"property": "A", "time_create": "2023-06-24T11:17:51.551Z", "heading": "sw5", "content": "wqewqeqweq", "rate": 0, "author": 7}}, {"model": "news.post", "pk": 73, "fields": {"property": "A", "time_create": "2023-06-24T11:18:53.530Z", "heading": "sw6", "content": "wqewqeqweq", "rate": 0, "author": 7}}, {"model": "news.post", "pk": 74, "fields": {"property": "A", "time_create": "2023-06-24T11:26:48.009Z", "heading": "sw7", "content": "wqewqeqweq", "rate": 0, "author": 7}}, {"model": "news.post", "pk": 75, "fields": {"property": "A", "time_create": "2023-06-24T11:27:26.656Z", "heading": "sw8", "content": "wqewqeqweq", "rate": 0, "author": 7}}, {"model": "news.post", "pk": 76, "fields": {"property": "A", "time_create": "2023-06-24T11:36:56.283Z", "heading": "sw9", "content": "wqewqeqweq", "rate": 0, "author": 7}}, {"model": "news.post", "pk": 77, "fields": {"property": "A", "time_create": "2023-06-24T11:38:05.325Z", "heading": "sw10", "content": "wqewqeqweq", "rate": 0, "author": 7}}, {"model": "news.post", "pk": 78, "fields": {"property": "A", "time_create": "2023-06-24T11:38:35.819Z", "heading": "sw12", "content": "saasasassasasa", "rate": 0, "author": 7}}, {"model": "news.post", "pk": 79, "fields": {"property": "A", "time_create": "2023-06-24T11:40:13.843Z", "heading": "sq1", "content": "dfsfdsfs", "rate": 0, "author": 7}}, {"model": "news.post", "pk": 80, "fields": {"property": "A", "time_create": "2023-06-24T11:47:27.347Z", "heading": "sq2", "content": "dfsfdsfs", "rate": 0, "author": 7}}, {"model": "news.post", "pk": 81, "fields": {"property": "A", "time_create": "2023-06-24T11:53:50.428Z", "heading": "sq3", "content": "dfsfdsfs", "rate": 0, "author": 7}}, {"model": "news.post", "pk": 82, "fields": {"property": "A", "time_create": "2023-06-24T11:54:29.671Z", "heading": "sq4", "content": "dfsfdsfs", "rate": 0, "author": 7}}, {"model": "news.post", "pk": 83, "fields": {"property": "A", "time_create": "2023-06-24T12:01:04.740Z", "heading": "sqw1", "content": "dfddfsfsd", "rate": 0, "author": 7}}, {"model": "news.post", "pk": 84, "fields": {"property": "A", "time_create": "2023-06-24T12:08:14.320Z", "heading": "sqw2", "content": "dfddfsfsd", "rate": 0, "author": 7}}, {"model": "news.post", "pk": 85, "fields": {"property": "A", "time_create": "2023-06-24T12:09:44.482Z", "heading": "sqw3", "content": "dfddfsfsd", "rate": 0, "author": 7}}, {"model": "news.post", "pk": 86, "fields": {"property": "A", "time_create": "2023-06-24T12:10:35.620Z", "heading": "sqw4", "content": "dfddfsfsd", "rate": 0, "author": 7}}, {"model": "news.post", "pk": 87, "fields": {"property": "A", "time_create": "2023-06-24T12:11:00.438Z", "heading": "sqw5", "content": "dfddfsfsd", "rate": 0, "author": 7}}, {"model": "news.post", "pk": 88, "fields": {"property": "A", "time_create": "2023-06-24T12:12:58.915Z", "heading": "sqw6", "content": "dfddfsfsd", "rate": 0, "author": 7}}, {"model": "news.post", "pk": 89, "fields": {"property": "A", "time_create": "2023-06-24T12:15:23.993Z", "heading": "sqw7", "content": "dfddfsfsd", "rate": 0, "author": 7}}, {"model": "news.post", "pk": 90, "fields": {"property": "A", "time_create": "2023-06-24T12:16:56.123Z", "heading": "sqw8", "content": "dfddfsfsd", "rate": 0, "author": 7}}, {"model": "news.post", "pk": 91, "fields": {"property": "A", "time_create": "2023-06-25T09:10:30.229Z", "heading": "zx1", "content": "новая", "rate": 0, "author": 7}}, {"model": "news.post", "pk": 92, "fields": {"property": "A", "time_create": "2023-06-25T09:16:28.980Z", "heading": "zx2", "content": "новая", "rate": 0, "author": 7}}, {"model": "news.post", "pk": 93, "fields": {"property": "A", "time_create": "2023-06-25T09:17:43.755Z", "heading": "zx3", "content": "dfsdlfjkljsdf", "rate": 0, "author": 7}}, {"model": "news.post", "pk": 94, "fields": {"property": "A", "time_create": "2023-06-25T09:18:12.494Z", "heading": "zx5", "content": "dfsdlfjkljsdf", "rate": 0, "author": 7}}, {"model": "news.post", "pk": 95, "fields": {"property": "A", "time_create": "2023-07-13T08:50:19.396Z", "heading": "Celery1", "content": "dsfsdfsdfd", "rate": 0, "author": 31}}, {"model": "news.post", "pk": 96, "fields": {"property": "A", "time_create": "2023-07-13T11:09:19.193Z", "heading": "Celery 2", "content": "dfsdf1111fsdfdsfds666", "rate": 0, "author": 31}}, {"model": "news.post", "pk": 97, "fields": {"property": "A", "time_create": "2023-07-13T11:15:11.467Z", "heading": "Celery 3", "content": "dfsdf1111fsdfdsfds666", "rate": 0, "author": 31}}, {"model": "news.post", "pk": 98, "fields": {"property": "A", "time_create": "2023-07-13T11:21:38.225Z", "heading": "Celery 4", "content": "dfsdf1111fsdfdsfds666", "rate": 0, "author": 31}}, {"model": "news.postcategory", "pk": 1, "fields": {"post": 1, "category": 2}}, {"model": "news.postcategory", "pk": 2, "fields": {"post": 2, "category": 1}}, {"model": "news.postcategory", "pk": 3, "fields": {"post": 2, "category": 4}}, {"model": "news.postcategory", "pk": 4, "fields": {"post": 3, "category": 4}}, {"model": "news.postcategory", "pk": 5, "fields": {"post": 4, "category": 1}}, {"model": "news.postcategory", "pk": 9, "fields": {"post": 9, "category": 2}}, {"model": "news.postcategory", "pk": 10, "fields": {"post": 10, "category": 2}}, {"model": "news.postcategory", "pk": 14, "fields": {"post": 14, "category": 2}}, {"model": "news.postcategory", "pk": 15, "fields": {"post": 15, "category": 3}}, {"model": "news.postcategory", "pk": 17, "fields": {"post": 17, "category": 3}}, {"model": "news.postcategory", "pk": 18, "fields": {"post": 18, "category": 3}}, {"model": "news.postcategory", "pk": 21, "fields": {"post": 21, "category": 2}}, {"model": "news.postcategory", "pk": 23, "fields": {"post": 23, "category": 1}}, {"model": "news.postcategory", "pk": 24, "fields": {"post": 24, "category": 1}}, {"model": "news.postcategory", "pk": 25, "fields": {"post": 25, "category": 2}}, {"model": "news.postcategory", "pk": 28, "fields": {"post": 28, "category": 2}}, {"model": "news.postcategory", "pk": 30, "fields": {"post": 30, "category": 1}}, {"model": "news.postcategory", "pk": 31, "fields": {"post": 31, "category": 3}}, {"model": "news.postcategory", "pk": 32, "fields": {"post": 32, "category": 2}}, {"model": "news.postcategory", "pk": 33, "fields": {"post": 33, "category": 3}}, {"model": "news.postcategory", "pk": 34, "fields": {"post": 34, "category": 2}}, {"model": "news.postcategory", "pk": 35, "fields": {"post": 35, "category": 2}}, {"model": "news.postcategory", "pk": 36, "fields": {"post": 36, "category": 1}}, {"model": "news.postcategory", "pk": 37, "fields": {"post": 37, "category": 2}}, {"model": "news.postcategory", "pk": 38, "fields": {"post": 38, "category": 2}}, {"model": "news.postcategory", "pk": 39, "fields": {"post": 39, "category": 2}}, {"model": "news.postcategory", "pk": 40, "fields": {"post": 39, "category": 3}}, {"model": "news.postcategory", "pk": 41, "fields": {"post": 40, "category": 2}}, {"model": "news.postcategory", "pk": 42, "fields": {"post": 41, "category": 1}}, {"model": "news.postcategory", "pk": 43, "fields": {"post": 42, "category": 3}}, {"model": "news.postcategory", "pk": 44, "fields": {"post": 43, "category": 3}}, {"model": "news.postcategory", "pk": 45, "fields": {"post": 44, "category": 1}}, {"model": "news.postcategory", "pk": 46, "fields": {"post": 45, "category": 3}}, {"model": "news.postcategory", "pk": 47, "fields": {"post": 46, "category": 3}}, {"model": "news.postcategory", "pk": 48, "fields": {"post": 47, "category": 2}}, {"model": "news.postcategory", "pk": 49, "fields": {"post": 48, "category": 4}}, {"model": "news.postcategory", "pk": 50, "fields": {"post": 49, "category": 4}}, {"model": "news.postcategory", "pk": 51, "fields": {"post": 50, "category": 3}}, {"model": "news.postcategory", "pk": 52, "fields": {"post": 51, "category": 3}}, {"model": "news.postcategory", "pk": 53, "fields": {"post": 52, "category": 2}}, {"model": "news.postcategory", "pk": 54, "fields": {"post": 52, "category": 3}}, {"model": "news.postcategory", "pk": 55, "fields": {"post": 53, "category": 2}}, {"model": "news.postcategory", "pk": 56, "fields": {"post": 53, "category": 3}}, {"model": "news.postcategory", "pk": 57, "fields": {"post": 54, "category": 1}}, {"model": "news.postcategory", "pk": 58, "fields": {"post": 55, "category": 1}}, {"model": "news.postcategory", "pk": 59, "fields": {"post": 56, "category": 3}}, {"model": "news.postcategory", "pk": 60, "fields": {"post": 57, "category": 4}}, {"model": "news.postcategory", "pk": 61, "fields": {"post": 58, "category": 4}}, {"model": "news.postcategory", "pk": 62, "fields": {"post": 59, "category": 4}}, {"model": "news.postcategory", "pk": 63, "fields": {"post": 60, "category": 4}}, {"model": "news.postcategory", "pk": 64, "fields": {"post": 61, "category": 3}}, {"model": "news.postcategory", "pk": 65, "fields": {"post": 62, "category": 3}}, {"model": "news.postcategory", "pk": 66, "fields": {"post": 65, "category": 2}}, {"model": "news.postcategory", "pk": 67, "fields": {"post": 66, "category": 2}}, {"model": "news.postcategory", "pk": 68, "fields": {"post": 67, "category": 2}}, {"model": "news.postcategory", "pk": 69, "fields": {"post": 68, "category": 2}}, {"model": "news.postcategory", "pk": 70, "fields": {"post": 69, "category": 2}}, {"model": "news.postcategory", "pk": 71, "fields": {"post": 70, "category": 2}}, {"model": "news.postcategory", "pk": 72, "fields": {"post": 71, "category": 2}}, {"model": "news.postcategory", "pk": 73, "fields": {"post": 72, "category": 2}}, {"model": "news.postcategory", "pk": 74, "fields": {"post": 73, "category": 2}}, {"model": "news.postcategory", "pk": 75, "fields": {"post": 75, "category": 2}}, {"model": "news.postcategory", "pk": 76, "fields": {"post": 76, "category": 2}}, {"model": "news.postcategory", "pk": 77, "fields": {"post": 77, "category": 2}}, {"model": "news.postcategory", "pk": 78, "fields": {"post": 78, "category": 2}}, {"model": "news.postcategory", "pk": 79, "fields": {"post": 79, "category": 2}}, {"model": "news.postcategory", "pk": 80, "fields": {"post": 83, "category": 2}}, {"model": "news.postcategory", "pk": 81, "fields": {"post": 84, "category": 2}}, {"model": "news.postcategory", "pk": 82, "fields": {"post": 87, "category": 2}}, {"model": "news.postcategory", "pk": 83, "fields": {"post": 88, "category": 2}}, {"model": "news.postcategory", "pk": 84, "fields": {"post": 90, "category": 2}}, {"model": "news.postcategory", "pk": 85, "fields": {"post": 91, "category": 3}}, {"model": "news.postcategory", "pk": 86, "fields": {"post": 91, "category": 4}}, {"model": "news.postcategory", "pk": 87, "fields": {"post": 93, "category": 3}}, {"model": "news.postcategory", "pk": 88, "fields": {"post": 94, "category": 2}}, {"model": "news.postcategory", "pk": 89, "fields": {"post": 95, "category": 1}}, {"model": "news.postcategory", "pk": 90, "fields": {"post": 98, "category": 1}}, {"model": "news.postcategory", "pk": 91, "fields": {"post": 98, "category": 2}}, {"model": "news.comment", "pk": 1, "fields": {"time_create": "2023-03-30T19:23:53.053Z", "content": "good", "rate": 1, "post": 1, "user": 3}}, {"model": "news.comment", "pk": 2, "fields": {"time_create": "2023-03-30T19:25:23.756Z", "content": "bad", "rate": -1, "post": 2, "user": 1}}, {"model": "news.comment", "pk": 3, "fields": {"time_create": "2023-03-30T19:25:37.674Z", "content": "best", "rate": 1, "post": 3, "user": 3}}, {"model": "news.comment", "pk": 4, "fields": {"time_create": "2023-03-30T19:26:00.759Z", "content": "worst", "rate": -1, "post": 4, "user": 1}}, {"model": "news.comment", "pk": 5, "fields": {"time_create": "2023-03-30T19:30:27.620Z", "content": "user's comment (not author)", "rate": -2, "post": 2, "user": 2}}]
